Year,Quarter,RegisteredUser,AppOpens
2018,1,6740,0
2018,1,6740,0
2018,1,6740,0
2018,1,6740,0
2018,2,9405,0
2018,2,9405,0
2018,2,9405,0
2018,2,9405,0
2018,3,12149,0
2018,3,12149,0
2018,3,12149,0
2018,3,12149,0
2018,4,15222,0
2018,4,15222,0
2018,4,15222,0
2018,4,15222,0
2019,1,18596,0
2019,1,18596,0
2019,1,18596,0
2019,1,18596,0
2019,2,21731,52640
2019,2,21731,52640
2019,2,21731,52640
2019,2,21731,52640
2019,3,23931,171107
2019,3,23931,171107
2019,3,23931,171107
2019,3,23931,171107
2019,4,25960,177012
2019,4,25960,177012
2019,4,25960,177012
2019,4,25960,177012
2020,1,28368,193586
2020,1,28368,193586
2020,1,28368,193586
2020,1,28368,193586
2020,2,32710,305072
2020,2,32710,305072
2020,2,32710,305072
2020,2,32710,305072
2020,3,41335,515565
2020,3,41335,515565
2020,3,41335,515565
2020,3,41335,515565
2020,4,52396,887208
2020,4,52396,887208
2020,4,52396,887208
2020,4,52396,887208
2021,1,57758,1004336
2021,1,57758,1004336
2021,1,57758,1004336
2021,1,57758,1004336
2021,2,62095,2248223
2021,2,62095,2248223
2021,2,62095,2248223
2021,2,62095,2248223
2021,3,66982,3121625
2021,3,66982,3121625
2021,3,66982,3121625
2021,3,66982,3121625
2021,4,71780,2112910
2021,4,71780,2112910
2021,4,71780,2112910
2021,4,71780,2112910
2022,1,76288,3847407
2022,1,76288,3847407
2022,1,76288,3847407
2022,1,76288,3847407
2022,2,80530,5180013
2022,2,80530,5180013
2022,2,80530,5180013
2022,2,80530,5180013
2022,3,84642,6068354
2022,3,84642,6068354
2022,3,84642,6068354
2022,3,84642,6068354
2022,4,88442,4354093
2022,4,88442,4354093
2022,4,88442,4354093
2022,4,88442,4354093
2018,1,3336450,0
2018,1,3336450,0
2018,1,3336450,0
2018,1,3336450,0
2018,2,4402540,0
2018,2,4402540,0
2018,2,4402540,0
2018,2,4402540,0
2018,3,5427617,0
2018,3,5427617,0
2018,3,5427617,0
2018,3,5427617,0
2018,4,6857409,0
2018,4,6857409,0
2018,4,6857409,0
2018,4,6857409,0
2019,1,8283019,0
2019,1,8283019,0
2019,1,8283019,0
2019,1,8283019,0
2019,2,9389003,81375251
2019,2,9389003,81375251
2019,2,9389003,81375251
2019,2,9389003,81375251
2019,3,10458693,310953542
2019,3,10458693,310953542
2019,3,10458693,310953542
2019,3,10458693,310953542
2019,4,11757883,411201518
2019,4,11757883,411201518
2019,4,11757883,411201518
2019,4,11757883,411201518
2020,1,13022060,486513773
2020,1,13022060,486513773
2020,1,13022060,486513773
2020,1,13022060,486513773
2020,2,14319675,494341698
2020,2,14319675,494341698
2020,2,14319675,494341698
2020,2,14319675,494341698
2020,3,15692405,696300382
2020,3,15692405,696300382
2020,3,15692405,696300382
2020,3,15692405,696300382
2020,4,17076565,869078538
2020,4,17076565,869078538
2020,4,17076565,869078538
2020,4,17076565,869078538
2021,1,18363733,957709447
2021,1,18363733,957709447
2021,1,18363733,957709447
2021,1,18363733,957709447
2021,2,19620905,1044705436
2021,2,19620905,1044705436
2021,2,19620905,1044705436
2021,2,19620905,1044705436
2021,3,21059898,1258536879
2021,3,21059898,1258536879
2021,3,21059898,1258536879
2021,3,21059898,1258536879
2021,4,22489029,1447717601
2021,4,22489029,1447717601
2021,4,22489029,1447717601
2021,4,22489029,1447717601
2022,1,23857951,1254785973
2022,1,23857951,1254785973
2022,1,23857951,1254785973
2022,1,23857951,1254785973
2022,2,25157264,1378736856
2022,2,25157264,1378736856
2022,2,25157264,1378736856
2022,2,25157264,1378736856
2022,3,26496330,1357005703
2022,3,26496330,1357005703
2022,3,26496330,1357005703
2022,3,26496330,1357005703
2022,4,27778016,1673374802
2022,4,27778016,1673374802
2022,4,27778016,1673374802
2022,4,27778016,1673374802
2018,1,21495,0
2018,1,21495,0
2018,1,21495,0
2018,1,21495,0
2018,2,32883,0
2018,2,32883,0
2018,2,32883,0
2018,2,32883,0
2018,3,45922,0
2018,3,45922,0
2018,3,45922,0
2018,3,45922,0
2018,4,61852,0
2018,4,61852,0
2018,4,61852,0
2018,4,61852,0
2019,1,76957,0
2019,1,76957,0
2019,1,76957,0
2019,1,76957,0
2019,2,95885,502873
2019,2,95885,502873
2019,2,95885,502873
2019,2,95885,502873
2019,3,112149,1811700
2019,3,112149,1811700
2019,3,112149,1811700
2019,3,112149,1811700
2019,4,129321,2140340
2019,4,129321,2140340
2019,4,129321,2140340
2019,4,129321,2140340
2020,1,149066,2598321
2020,1,149066,2598321
2020,1,149066,2598321
2020,1,149066,2598321
2020,2,177534,3387006
2020,2,177534,3387006
2020,2,177534,3387006
2020,2,177534,3387006
2020,3,206046,4003421
2020,3,206046,4003421
2020,3,206046,4003421
2020,3,206046,4003421
2020,4,231292,4472667
2020,4,231292,4472667
2020,4,231292,4472667
2020,4,231292,4472667
2021,1,251240,4796708
2021,1,251240,4796708
2021,1,251240,4796708
2021,1,251240,4796708
2021,2,270572,13025849
2021,2,270572,13025849
2021,2,270572,13025849
2021,2,270572,13025849
2021,3,293073,17209654
2021,3,293073,17209654
2021,3,293073,17209654
2021,3,293073,17209654
2021,4,314944,11230295
2021,4,314944,11230295
2021,4,314944,11230295
2021,4,314944,11230295
2022,1,335339,41418559
2022,1,335339,41418559
2022,1,335339,41418559
2022,1,335339,41418559
2022,2,354528,49889518
2022,2,354528,49889518
2022,2,354528,49889518
2022,2,354528,49889518
2022,3,373372,59722628
2022,3,373372,59722628
2022,3,373372,59722628
2022,3,373372,59722628
2022,4,390307,21775038
2022,4,390307,21775038
2022,4,390307,21775038
2022,4,390307,21775038
2018,1,385237,0
2018,1,385237,0
2018,1,385237,0
2018,1,385237,0
2018,2,571046,0
2018,2,571046,0
2018,2,571046,0
2018,2,571046,0
2018,3,784802,0
2018,3,784802,0
2018,3,784802,0
2018,3,784802,0
2018,4,1039221,0
2018,4,1039221,0
2018,4,1039221,0
2018,4,1039221,0
2019,1,1259085,0
2019,1,1259085,0
2019,1,1259085,0
2019,1,1259085,0
2019,2,1500128,7350326
2019,2,1500128,7350326
2019,2,1500128,7350326
2019,2,1500128,7350326
2019,3,1731523,25393673
2019,3,1731523,25393673
2019,3,1731523,25393673
2019,3,1731523,25393673
2019,4,1941220,26599449
2019,4,1941220,26599449
2019,4,1941220,26599449
2019,4,1941220,26599449
2020,1,2185938,33097892
2020,1,2185938,33097892
2020,1,2185938,33097892
2020,1,2185938,33097892
2020,2,2550883,39304924
2020,2,2550883,39304924
2020,2,2550883,39304924
2020,2,2550883,39304924
2020,3,2830011,41875278
2020,3,2830011,41875278
2020,3,2830011,41875278
2020,3,2830011,41875278
2020,4,3106153,49321814
2020,4,3106153,49321814
2020,4,3106153,49321814
2020,4,3106153,49321814
2021,1,3358448,56752364
2021,1,3358448,56752364
2021,1,3358448,56752364
2021,1,3358448,56752364
2021,2,3617056,102003890
2021,2,3617056,102003890
2021,2,3617056,102003890
2021,2,3617056,102003890
2021,3,3918480,135288631
2021,3,3918480,135288631
2021,3,3918480,135288631
2021,3,3918480,135288631
2021,4,4209591,130600435
2021,4,4209591,130600435
2021,4,4209591,130600435
2021,4,4209591,130600435
2022,1,4492589,281642453
2022,1,4492589,281642453
2022,1,4492589,281642453
2022,1,4492589,281642453
2022,2,4755787,339929089
2022,2,4755787,339929089
2022,2,4755787,339929089
2022,2,4755787,339929089
2022,3,5016910,410760707
2022,3,5016910,410760707
2022,3,5016910,410760707
2022,3,5016910,410760707
2022,4,5247776,248781157
2022,4,5247776,248781157
2022,4,5247776,248781157
2022,4,5247776,248781157
2018,1,2133804,0
2018,1,2133804,0
2018,1,2133804,0
2018,1,2133804,0
2018,2,3005872,0
2018,2,3005872,0
2018,2,3005872,0
2018,2,3005872,0
2018,3,3784535,0
2018,3,3784535,0
2018,3,3784535,0
2018,3,3784535,0
2018,4,4776665,0
2018,4,4776665,0
2018,4,4776665,0
2018,4,4776665,0
2019,1,5745117,0
2019,1,5745117,0
2019,1,5745117,0
2019,1,5745117,0
2019,2,6589759,39607022
2019,2,6589759,39607022
2019,2,6589759,39607022
2019,2,6589759,39607022
2019,3,7380265,126521298
2019,3,7380265,126521298
2019,3,7380265,126521298
2019,3,7380265,126521298
2019,4,8342274,163998097
2019,4,8342274,163998097
2019,4,8342274,163998097
2019,4,8342274,163998097
2020,1,9351234,183868505
2020,1,9351234,183868505
2020,1,9351234,183868505
2020,1,9351234,183868505
2020,2,10603767,218435035
2020,2,10603767,218435035
2020,2,10603767,218435035
2020,2,10603767,218435035
2020,3,11763213,266652644
2020,3,11763213,266652644
2020,3,11763213,266652644
2020,3,11763213,266652644
2020,4,12889833,317056600
2020,4,12889833,317056600
2020,4,12889833,317056600
2020,4,12889833,317056600
2021,1,13946288,355792608
2021,1,13946288,355792608
2021,1,13946288,355792608
2021,1,13946288,355792608
2021,2,14972134,371198660
2021,2,14972134,371198660
2021,2,14972134,371198660
2021,2,14972134,371198660
2021,3,16160771,421801379
2021,3,16160771,421801379
2021,3,16160771,421801379
2021,3,16160771,421801379
2021,4,17335981,647400838
2021,4,17335981,647400838
2021,4,17335981,647400838
2021,4,17335981,647400838
2022,1,18484658,316991599
2022,1,18484658,316991599
2022,1,18484658,316991599
2022,1,18484658,316991599
2022,2,19569894,348588438
2022,2,19569894,348588438
2022,2,19569894,348588438
2022,2,19569894,348588438
2022,3,20694376,336807385
2022,3,20694376,336807385
2022,3,20694376,336807385
2022,3,20694376,336807385
2022,4,21738117,834827202
2022,4,21738117,834827202
2022,4,21738117,834827202
2022,4,21738117,834827202
2018,1,86268,0
2018,1,86268,0
2018,1,86268,0
2018,1,86268,0
2018,2,115219,0
2018,2,115219,0
2018,2,115219,0
2018,2,115219,0
2018,3,143893,0
2018,3,143893,0
2018,3,143893,0
2018,3,143893,0
2018,4,177747,0
2018,4,177747,0
2018,4,177747,0
2018,4,177747,0
2019,1,209175,0
2019,1,209175,0
2019,1,209175,0
2019,1,209175,0
2019,2,240439,1220176
2019,2,240439,1220176
2019,2,240439,1220176
2019,2,240439,1220176
2019,3,267337,4625196
2019,3,267337,4625196
2019,3,267337,4625196
2019,3,267337,4625196
2019,4,289590,4960441
2019,4,289590,4960441
2019,4,289590,4960441
2019,4,289590,4960441
2020,1,312887,5201211
2020,1,312887,5201211
2020,1,312887,5201211
2020,1,312887,5201211
2020,2,336351,3451250
2020,2,336351,3451250
2020,2,336351,3451250
2020,2,336351,3451250
2020,3,362588,4888739
2020,3,362588,4888739
2020,3,362588,4888739
2020,3,362588,4888739
2020,4,391402,6477974
2020,4,391402,6477974
2020,4,391402,6477974
2020,4,391402,6477974
2021,1,419998,7919533
2021,1,419998,7919533
2021,1,419998,7919533
2021,1,419998,7919533
2021,2,448572,4733924
2021,2,448572,4733924
2021,2,448572,4733924
2021,2,448572,4733924
2021,3,480463,6378807
2021,3,480463,6378807
2021,3,480463,6378807
2021,3,480463,6378807
2021,4,512092,11603954
2021,4,512092,11603954
2021,4,512092,11603954
2021,4,512092,11603954
2022,1,541549,2321685
2022,1,541549,2321685
2022,1,541549,2321685
2022,1,541549,2321685
2022,2,569582,2285979
2022,2,569582,2285979
2022,2,569582,2285979
2022,2,569582,2285979
2022,3,598698,2173356
2022,3,598698,2173356
2022,3,598698,2173356
2022,3,598698,2173356
2022,4,627563,15308862
2022,4,627563,15308862
2022,4,627563,15308862
2022,4,627563,15308862
2018,1,679263,0
2018,1,679263,0
2018,1,679263,0
2018,1,679263,0
2018,2,950675,0
2018,2,950675,0
2018,2,950675,0
2018,2,950675,0
2018,3,1217792,0
2018,3,1217792,0
2018,3,1217792,0
2018,3,1217792,0
2018,4,1579998,0
2018,4,1579998,0
2018,4,1579998,0
2018,4,1579998,0
2019,1,1908898,0
2019,1,1908898,0
2019,1,1908898,0
2019,1,1908898,0
2019,2,2191066,13206373
2019,2,2191066,13206373
2019,2,2191066,13206373
2019,2,2191066,13206373
2019,3,2435058,46362341
2019,3,2435058,46362341
2019,3,2435058,46362341
2019,3,2435058,46362341
2019,4,2725900,57278977
2019,4,2725900,57278977
2019,4,2725900,57278977
2019,4,2725900,57278977
2020,1,3016487,64224101
2020,1,3016487,64224101
2020,1,3016487,64224101
2020,1,3016487,64224101
2020,2,3401658,68493384
2020,2,3401658,68493384
2020,2,3401658,68493384
2020,2,3401658,68493384
2020,3,3799386,86918606
2020,3,3799386,86918606
2020,3,3799386,86918606
2020,3,3799386,86918606
2020,4,4190601,109900467
2020,4,4190601,109900467
2020,4,4190601,109900467
2020,4,4190601,109900467
2021,1,4514551,124648704
2021,1,4514551,124648704
2021,1,4514551,124648704
2021,1,4514551,124648704
2021,2,4837055,205784717
2021,2,4837055,205784717
2021,2,4837055,205784717
2021,2,4837055,205784717
2021,3,5206084,276486076
2021,3,5206084,276486076
2021,3,5206084,276486076
2021,3,5206084,276486076
2021,4,5565481,251752583
2021,4,5565481,251752583
2021,4,5565481,251752583
2021,4,5565481,251752583
2022,1,5916961,448503438
2022,1,5916961,448503438
2022,1,5916961,448503438
2022,1,5916961,448503438
2022,2,6238349,501411120
2022,2,6238349,501411120
2022,2,6238349,501411120
2022,2,6238349,501411120
2022,3,6562237,543206487
2022,3,6562237,543206487
2022,3,6562237,543206487
2022,3,6562237,543206487
2022,4,6846822,354976814
2022,4,6846822,354976814
2022,4,6846822,354976814
2022,4,6846822,354976814
2018,1,53258,0
2018,1,53258,0
2018,1,53258,0
2018,1,53258,0
2018,2,71458,0
2018,2,71458,0
2018,2,71458,0
2018,2,71458,0
2018,3,92107,0
2018,3,92107,0
2018,3,92107,0
2018,3,92107,0
2018,4,116511,0
2018,4,116511,0
2018,4,116511,0
2018,4,116511,0
2019,1,140532,0
2019,1,140532,0
2019,1,140532,0
2019,1,140532,0
2019,2,158580,860686
2019,2,158580,860686
2019,2,158580,860686
2019,2,158580,860686
2019,3,176929,3126189
2019,3,176929,3126189
2019,3,176929,3126189
2019,3,176929,3126189
2019,4,197598,3770543
2019,4,197598,3770543
2019,4,197598,3770543
2019,4,197598,3770543
2020,1,218496,4195122
2020,1,218496,4195122
2020,1,218496,4195122
2020,1,218496,4195122
2020,2,244814,4505127
2020,2,244814,4505127
2020,2,244814,4505127
2020,2,244814,4505127
2020,3,267946,4421499
2020,3,267946,4421499
2020,3,267946,4421499
2020,3,267946,4421499
2020,4,296493,6196436
2020,4,296493,6196436
2020,4,296493,6196436
2020,4,296493,6196436
2021,1,321396,7302462
2021,1,321396,7302462
2021,1,321396,7302462
2021,1,321396,7302462
2021,2,344994,5062983
2021,2,344994,5062983
2021,2,344994,5062983
2021,2,344994,5062983
2021,3,371874,7162734
2021,3,371874,7162734
2021,3,371874,7162734
2021,3,371874,7162734
2021,4,398963,15009455
2021,4,398963,15009455
2021,4,398963,15009455
2021,4,398963,15009455
2022,1,424570,3910792
2022,1,424570,3910792
2022,1,424570,3910792
2022,1,424570,3910792
2022,2,449016,3886292
2022,2,449016,3886292
2022,2,449016,3886292
2022,2,449016,3886292
2022,3,474807,3837881
2022,3,474807,3837881
2022,3,474807,3837881
2022,3,474807,3837881
2022,4,500125,24066770
2022,4,500125,24066770
2022,4,500125,24066770
2022,4,500125,24066770
2018,1,2087022,0
2018,1,2087022,0
2018,1,2087022,0
2018,1,2087022,0
2018,2,2756141,0
2018,2,2756141,0
2018,2,2756141,0
2018,2,2756141,0
2018,3,3504911,0
2018,3,3504911,0
2018,3,3504911,0
2018,3,3504911,0
2018,4,4630313,0
2018,4,4630313,0
2018,4,4630313,0
2018,4,4630313,0
2019,1,5499263,0
2019,1,5499263,0
2019,1,5499263,0
2019,1,5499263,0
2019,2,6165448,43731570
2019,2,6165448,43731570
2019,2,6165448,43731570
2019,2,6165448,43731570
2019,3,6782286,163381027
2019,3,6782286,163381027
2019,3,6782286,163381027
2019,3,6782286,163381027
2019,4,7289883,172682671
2019,4,7289883,172682671
2019,4,7289883,172682671
2019,4,7289883,172682671
2020,1,7826197,178263986
2020,1,7826197,178263986
2020,1,7826197,178263986
2020,1,7826197,178263986
2020,2,8391139,142852253
2020,2,8391139,142852253
2020,2,8391139,142852253
2020,2,8391139,142852253
2020,3,9044174,190025029
2020,3,9044174,190025029
2020,3,9044174,190025029
2020,3,9044174,190025029
2020,4,9747968,243433752
2020,4,9747968,243433752
2020,4,9747968,243433752
2020,4,9747968,243433752
2021,1,10467210,281201600
2021,1,10467210,281201600
2021,1,10467210,281201600
2021,1,10467210,281201600
2021,2,11182699,164997774
2021,2,11182699,164997774
2021,2,11182699,164997774
2021,2,11182699,164997774
2021,3,11980061,223844376
2021,3,11980061,223844376
2021,3,11980061,223844376
2021,3,11980061,223844376
2021,4,12785127,345669353
2021,4,12785127,345669353
2021,4,12785127,345669353
2021,4,12785127,345669353
2022,1,13539197,57524153
2022,1,13539197,57524153
2022,1,13539197,57524153
2022,1,13539197,57524153
2022,2,14260143,52553080
2022,2,14260143,52553080
2022,2,14260143,52553080
2022,2,14260143,52553080
2022,3,15009523,49919498
2022,3,15009523,49919498
2022,3,15009523,49919498
2022,3,15009523,49919498
2022,4,15764149,401864749
2022,4,15764149,401864749
2022,4,15764149,401864749
2022,4,15764149,401864749
2018,1,91936,0
2018,1,91936,0
2018,1,91936,0
2018,1,91936,0
2018,2,122174,0
2018,2,122174,0
2018,2,122174,0
2018,2,122174,0
2018,3,153802,0
2018,3,153802,0
2018,3,153802,0
2018,3,153802,0
2018,4,195350,0
2018,4,195350,0
2018,4,195350,0
2018,4,195350,0
2019,1,238152,0
2019,1,238152,0
2019,1,238152,0
2019,1,238152,0
2019,2,278940,1352232
2019,2,278940,1352232
2019,2,278940,1352232
2019,2,278940,1352232
2019,3,317194,4753892
2019,3,317194,4753892
2019,3,317194,4753892
2019,3,317194,4753892
2019,4,353546,6290543
2019,4,353546,6290543
2019,4,353546,6290543
2019,4,353546,6290543
2020,1,391900,7147233
2020,1,391900,7147233
2020,1,391900,7147233
2020,1,391900,7147233
2020,2,430639,5310126
2020,2,430639,5310126
2020,2,430639,5310126
2020,2,430639,5310126
2020,3,474962,6129766
2020,3,474962,6129766
2020,3,474962,6129766
2020,3,474962,6129766
2020,4,527584,10991118
2020,4,527584,10991118
2020,4,527584,10991118
2020,4,527584,10991118
2021,1,570035,15467672
2021,1,570035,15467672
2021,1,570035,15467672
2021,1,570035,15467672
2021,2,609106,12710361
2021,2,609106,12710361
2021,2,609106,12710361
2021,2,609106,12710361
2021,3,653458,16575111
2021,3,653458,16575111
2021,3,653458,16575111
2021,3,653458,16575111
2021,4,697178,28288254
2021,4,697178,28288254
2021,4,697178,28288254
2021,4,697178,28288254
2022,1,738628,18678798
2022,1,738628,18678798
2022,1,738628,18678798
2022,1,738628,18678798
2022,2,777779,19062157
2022,2,777779,19062157
2022,2,777779,19062157
2022,2,777779,19062157
2022,3,817830,19712764
2022,3,817830,19712764
2022,3,817830,19712764
2022,3,817830,19712764
2022,4,855202,43005212
2022,4,855202,43005212
2022,4,855202,43005212
2022,4,855202,43005212
2018,1,2690048,0
2018,1,2690048,0
2018,1,2690048,0
2018,1,2690048,0
2018,2,3565825,0
2018,2,3565825,0
2018,2,3565825,0
2018,2,3565825,0
2018,3,4433183,0
2018,3,4433183,0
2018,3,4433183,0
2018,3,4433183,0
2018,4,5579040,0
2018,4,5579040,0
2018,4,5579040,0
2018,4,5579040,0
2019,1,6652536,0
2019,1,6652536,0
2019,1,6652536,0
2019,1,6652536,0
2019,2,7574645,34890301
2019,2,7574645,34890301
2019,2,7574645,34890301
2019,2,7574645,34890301
2019,3,8429299,129441484
2019,3,8429299,129441484
2019,3,8429299,129441484
2019,3,8429299,129441484
2019,4,9323799,147973757
2019,4,9323799,147973757
2019,4,9323799,147973757
2019,4,9323799,147973757
2020,1,10259843,165605122
2020,1,10259843,165605122
2020,1,10259843,165605122
2020,1,10259843,165605122
2020,2,11392657,155264359
2020,2,11392657,155264359
2020,2,11392657,155264359
2020,2,11392657,155264359
2020,3,12467847,184402472
2020,3,12467847,184402472
2020,3,12467847,184402472
2020,3,12467847,184402472
2020,4,13605203,230497353
2020,4,13605203,230497353
2020,4,13605203,230497353
2020,4,13605203,230497353
2021,1,14670126,264732874
2021,1,14670126,264732874
2021,1,14670126,264732874
2021,1,14670126,264732874
2021,2,15735981,282432543
2021,2,15735981,282432543
2021,2,15735981,282432543
2021,2,15735981,282432543
2021,3,16946761,379987151
2021,3,16946761,379987151
2021,3,16946761,379987151
2021,3,16946761,379987151
2021,4,18139201,487846209
2021,4,18139201,487846209
2021,4,18139201,487846209
2021,4,18139201,487846209
2022,1,19265314,521776939
2022,1,19265314,521776939
2022,1,19265314,521776939
2022,1,19265314,521776939
2022,2,20321596,609943436
2022,2,20321596,609943436
2022,2,20321596,609943436
2022,2,20321596,609943436
2022,3,21394721,699121904
2022,3,21394721,699121904
2022,3,21394721,699121904
2022,3,21394721,699121904
2022,4,22412353,790984595
2022,4,22412353,790984595
2022,4,22412353,790984595
2022,4,22412353,790984595
2018,1,1847357,0
2018,1,1847357,0
2018,1,1847357,0
2018,1,1847357,0
2018,2,2447221,0
2018,2,2447221,0
2018,2,2447221,0
2018,2,2447221,0
2018,3,3020398,0
2018,3,3020398,0
2018,3,3020398,0
2018,3,3020398,0
2018,4,3793079,0
2018,4,3793079,0
2018,4,3793079,0
2018,4,3793079,0
2019,1,4538767,0
2019,1,4538767,0
2019,1,4538767,0
2019,1,4538767,0
2019,2,5178030,31929195
2019,2,5178030,31929195
2019,2,5178030,31929195
2019,2,5178030,31929195
2019,3,5783752,118332587
2019,3,5783752,118332587
2019,3,5783752,118332587
2019,3,5783752,118332587
2019,4,6366679,136721888
2019,4,6366679,136721888
2019,4,6366679,136721888
2019,4,6366679,136721888
2020,1,7018770,157793468
2020,1,7018770,157793468
2020,1,7018770,157793468
2020,1,7018770,157793468
2020,2,7682878,143650123
2020,2,7682878,143650123
2020,2,7682878,143650123
2020,2,7682878,143650123
2020,3,8398816,188614769
2020,3,8398816,188614769
2020,3,8398816,188614769
2020,3,8398816,188614769
2020,4,9129873,236101307
2020,4,9129873,236101307
2020,4,9129873,236101307
2020,4,9129873,236101307
2021,1,9827905,266686683
2021,1,9827905,266686683
2021,1,9827905,266686683
2021,1,9827905,266686683
2021,2,10530594,234052506
2021,2,10530594,234052506
2021,2,10530594,234052506
2021,2,10530594,234052506
2021,3,11325336,296884105
2021,3,11325336,296884105
2021,3,11325336,296884105
2021,3,11325336,296884105
2021,4,12116439,442176987
2021,4,12116439,442176987
2021,4,12116439,442176987
2021,4,12116439,442176987
2022,1,12866988,217228467
2022,1,12866988,217228467
2022,1,12866988,217228467
2022,1,12866988,217228467
2022,2,13576065,236091309
2022,2,13576065,236091309
2022,2,13576065,236091309
2022,2,13576065,236091309
2022,3,14303933,265475161
2022,3,14303933,265475161
2022,3,14303933,265475161
2022,3,14303933,265475161
2022,4,14994944,556898878
2022,4,14994944,556898878
2022,4,14994944,556898878
2022,4,14994944,556898878
2018,1,227373,0
2018,1,227373,0
2018,1,227373,0
2018,1,227373,0
2018,2,315299,0
2018,2,315299,0
2018,2,315299,0
2018,2,315299,0
2018,3,407634,0
2018,3,407634,0
2018,3,407634,0
2018,3,407634,0
2018,4,526343,0
2018,4,526343,0
2018,4,526343,0
2018,4,526343,0
2019,1,653205,0
2019,1,653205,0
2019,1,653205,0
2019,1,653205,0
2019,2,772603,3321711
2019,2,772603,3321711
2019,2,772603,3321711
2019,2,772603,3321711
2019,3,876184,10720741
2019,3,876184,10720741
2019,3,876184,10720741
2019,3,876184,10720741
2019,4,985945,12637904
2019,4,985945,12637904
2019,4,985945,12637904
2019,4,985945,12637904
2020,1,1106025,14640104
2020,1,1106025,14640104
2020,1,1106025,14640104
2020,1,1106025,14640104
2020,2,1249867,16125580
2020,2,1249867,16125580
2020,2,1249867,16125580
2020,2,1249867,16125580
2020,3,1378634,18411750
2020,3,1378634,18411750
2020,3,1378634,18411750
2020,3,1378634,18411750
2020,4,1508766,22001148
2020,4,1508766,22001148
2020,4,1508766,22001148
2020,4,1508766,22001148
2021,1,1622951,24228094
2021,1,1622951,24228094
2021,1,1622951,24228094
2021,1,1622951,24228094
2021,2,1743151,43269977
2021,2,1743151,43269977
2021,2,1743151,43269977
2021,2,1743151,43269977
2021,3,1880626,52970288
2021,3,1880626,52970288
2021,3,1880626,52970288
2021,3,1880626,52970288
2021,4,2013747,47670982
2021,4,2013747,47670982
2021,4,2013747,47670982
2021,4,2013747,47670982
2022,1,2143483,77278278
2022,1,2143483,77278278
2022,1,2143483,77278278
2022,1,2143483,77278278
2022,2,2264407,102488683
2022,2,2264407,102488683
2022,2,2264407,102488683
2022,2,2264407,102488683
2022,3,2381576,108832538
2022,3,2381576,108832538
2022,3,2381576,108832538
2022,3,2381576,108832538
2022,4,2483076,72355717
2022,4,2483076,72355717
2022,4,2483076,72355717
2022,4,2483076,72355717
2018,1,176425,0
2018,1,176425,0
2018,1,176425,0
2018,1,176425,0
2018,2,261609,0
2018,2,261609,0
2018,2,261609,0
2018,2,261609,0
2018,3,342529,0
2018,3,342529,0
2018,3,342529,0
2018,3,342529,0
2018,4,436563,0
2018,4,436563,0
2018,4,436563,0
2018,4,436563,0
2019,1,530669,0
2019,1,530669,0
2019,1,530669,0
2019,1,530669,0
2019,2,631193,2705373
2019,2,631193,2705373
2019,2,631193,2705373
2019,2,631193,2705373
2019,3,658455,3843919
2019,3,658455,3843919
2019,3,658455,3843919
2019,3,658455,3843919
2019,4,673367,998572
2019,4,673367,998572
2019,4,673367,998572
2019,4,673367,998572
2020,1,735408,4476894
2020,1,735408,4476894
2020,1,735408,4476894
2020,1,735408,4476894
2020,2,845294,9856653
2020,2,845294,9856653
2020,2,845294,9856653
2020,2,845294,9856653
2020,3,949819,11443454
2020,3,949819,11443454
2020,3,949819,11443454
2020,3,949819,11443454
2020,4,1079022,16018751
2020,4,1079022,16018751
2020,4,1079022,16018751
2020,4,1079022,16018751
2021,1,1174818,18834009
2021,1,1174818,18834009
2021,1,1174818,18834009
2021,1,1174818,18834009
2021,2,1261267,34274559
2021,2,1261267,34274559
2021,2,1261267,34274559
2021,2,1261267,34274559
2021,3,1359860,45025197
2021,3,1359860,45025197
2021,3,1359860,45025197
2021,3,1359860,45025197
2021,4,1456810,36012148
2021,4,1456810,36012148
2021,4,1456810,36012148
2021,4,1456810,36012148
2022,1,1549320,62115857
2022,1,1549320,62115857
2022,1,1549320,62115857
2022,1,1549320,62115857
2022,2,1635570,89986310
2022,2,1635570,89986310
2022,2,1635570,89986310
2022,2,1635570,89986310
2022,3,1719185,109346235
2022,3,1719185,109346235
2022,3,1719185,109346235
2022,3,1719185,109346235
2022,4,1793434,60205865
2022,4,1793434,60205865
2022,4,1793434,60205865
2022,4,1793434,60205865
2018,1,885762,0
2018,1,885762,0
2018,1,885762,0
2018,1,885762,0
2018,2,1230599,0
2018,2,1230599,0
2018,2,1230599,0
2018,2,1230599,0
2018,3,1532362,0
2018,3,1532362,0
2018,3,1532362,0
2018,3,1532362,0
2018,4,1913949,0
2018,4,1913949,0
2018,4,1913949,0
2018,4,1913949,0
2019,1,2279329,0
2019,1,2279329,0
2019,1,2279329,0
2019,1,2279329,0
2019,2,2604854,14929066
2019,2,2604854,14929066
2019,2,2604854,14929066
2019,2,2604854,14929066
2019,3,2915511,55504460
2019,3,2915511,55504460
2019,3,2915511,55504460
2019,3,2915511,55504460
2019,4,3281371,70181789
2019,4,3281371,70181789
2019,4,3281371,70181789
2019,4,3281371,70181789
2020,1,3651393,74014713
2020,1,3651393,74014713
2020,1,3651393,74014713
2020,1,3651393,74014713
2020,2,4061035,76339276
2020,2,4061035,76339276
2020,2,4061035,76339276
2020,2,4061035,76339276
2020,3,4480027,99318784
2020,3,4480027,99318784
2020,3,4480027,99318784
2020,3,4480027,99318784
2020,4,4917938,126310835
2020,4,4917938,126310835
2020,4,4917938,126310835
2020,4,4917938,126310835
2021,1,5313049,141731331
2021,1,5313049,141731331
2021,1,5313049,141731331
2021,1,5313049,141731331
2021,2,5701503,184234107
2021,2,5701503,184234107
2021,2,5701503,184234107
2021,2,5701503,184234107
2021,3,6151843,230475998
2021,3,6151843,230475998
2021,3,6151843,230475998
2021,3,6151843,230475998
2021,4,6596196,284960009
2021,4,6596196,284960009
2021,4,6596196,284960009
2021,4,6596196,284960009
2022,1,7025275,331355981
2022,1,7025275,331355981
2022,1,7025275,331355981
2022,1,7025275,331355981
2022,2,7426174,379053485
2022,2,7426174,379053485
2022,2,7426174,379053485
2022,2,7426174,379053485
2022,3,7836429,414228860
2022,3,7836429,414228860
2022,3,7836429,414228860
2022,3,7836429,414228860
2022,4,8217638,396098729
2022,4,8217638,396098729
2022,4,8217638,396098729
2022,4,8217638,396098729
2018,1,3717763,0
2018,1,3717763,0
2018,1,3717763,0
2018,1,3717763,0
2018,2,5030665,0
2018,2,5030665,0
2018,2,5030665,0
2018,2,5030665,0
2018,3,6372649,0
2018,3,6372649,0
2018,3,6372649,0
2018,3,6372649,0
2018,4,8315802,0
2018,4,8315802,0
2018,4,8315802,0
2018,4,8315802,0
2019,1,10266174,0
2019,1,10266174,0
2019,1,10266174,0
2019,1,10266174,0
2019,2,11968087,113024811
2019,2,11968087,113024811
2019,2,11968087,113024811
2019,2,11968087,113024811
2019,3,13635075,445683660
2019,3,13635075,445683660
2019,3,13635075,445683660
2019,3,13635075,445683660
2019,4,15385416,569674870
2019,4,15385416,569674870
2019,4,15385416,569674870
2019,4,15385416,569674870
2020,1,17016980,626488036
2020,1,17016980,626488036
2020,1,17016980,626488036
2020,1,17016980,626488036
2020,2,18655366,490510075
2020,2,18655366,490510075
2020,2,18655366,490510075
2020,2,18655366,490510075
2020,3,20487550,693683212
2020,3,20487550,693683212
2020,3,20487550,693683212
2020,3,20487550,693683212
2020,4,22400182,935510690
2020,4,22400182,935510690
2020,4,22400182,935510690
2020,4,22400182,935510690
2021,1,24095832,1084917385
2021,1,24095832,1084917385
2021,1,24095832,1084917385
2021,1,24095832,1084917385
2021,2,25751023,1051089714
2021,2,25751023,1051089714
2021,2,25751023,1051089714
2021,2,25751023,1051089714
2021,3,27614221,1366781087
2021,3,27614221,1366781087
2021,3,27614221,1366781087
2021,3,27614221,1366781087
2021,4,29459646,1941558513
2021,4,29459646,1941558513
2021,4,29459646,1941558513
2021,4,29459646,1941558513
2022,1,31200349,1727054045
2022,1,31200349,1727054045
2022,1,31200349,1727054045
2022,1,31200349,1727054045
2022,2,32831447,2065359837
2022,2,32831447,2065359837
2022,2,32831447,2065359837
2022,2,32831447,2065359837
2022,3,34493994,2148016434
2022,3,34493994,2148016434
2022,3,34493994,2148016434
2022,3,34493994,2148016434
2022,4,36081698,3011645011
2022,4,36081698,3011645011
2022,4,36081698,3011645011
2022,4,36081698,3011645011
2018,1,784184,0
2018,1,784184,0
2018,1,784184,0
2018,1,784184,0
2018,2,1066587,0
2018,2,1066587,0
2018,2,1066587,0
2018,2,1066587,0
2018,3,1347598,0
2018,3,1347598,0
2018,3,1347598,0
2018,3,1347598,0
2018,4,1757326,0
2018,4,1757326,0
2018,4,1757326,0
2018,4,1757326,0
2019,1,2136624,0
2019,1,2136624,0
2019,1,2136624,0
2019,1,2136624,0
2019,2,2550167,8673220
2019,2,2550167,8673220
2019,2,2550167,8673220
2019,2,2550167,8673220
2019,3,2990963,31471694
2019,3,2990963,31471694
2019,3,2990963,31471694
2019,3,2990963,31471694
2019,4,3503938,40046033
2019,4,3503938,40046033
2019,4,3503938,40046033
2019,4,3503938,40046033
2020,1,4078316,46396398
2020,1,4078316,46396398
2020,1,4078316,46396398
2020,1,4078316,46396398
2020,2,4728844,45832953
2020,2,4728844,45832953
2020,2,4728844,45832953
2020,2,4728844,45832953
2020,3,5582300,64309022
2020,3,5582300,64309022
2020,3,5582300,64309022
2020,3,5582300,64309022
2020,4,6387169,91415273
2020,4,6387169,91415273
2020,4,6387169,91415273
2020,4,6387169,91415273
2021,1,6936943,108918733
2021,1,6936943,108918733
2021,1,6936943,108918733
2021,1,6936943,108918733
2021,2,7416083,87814415
2021,2,7416083,87814415
2021,2,7416083,87814415
2021,2,7416083,87814415
2021,3,7949425,116282717
2021,3,7949425,116282717
2021,3,7949425,116282717
2021,3,7949425,116282717
2021,4,8473810,213542857
2021,4,8473810,213542857
2021,4,8473810,213542857
2021,4,8473810,213542857
2022,1,8972299,94047893
2022,1,8972299,94047893
2022,1,8972299,94047893
2022,1,8972299,94047893
2022,2,9442533,98876392
2022,2,9442533,98876392
2022,2,9442533,98876392
2022,2,9442533,98876392
2022,3,9933977,104565833
2022,3,9933977,104565833
2022,3,9933977,104565833
2022,3,9933977,104565833
2022,4,10382102,346981849
2022,4,10382102,346981849
2022,4,10382102,346981849
2022,4,10382102,346981849
2018,1,8784,0
2018,1,8784,0
2018,1,8784,0
2018,1,8784,0
2018,2,12918,0
2018,2,12918,0
2018,2,12918,0
2018,2,12918,0
2018,3,17749,0
2018,3,17749,0
2018,3,17749,0
2018,3,17749,0
2018,4,23883,0
2018,4,23883,0
2018,4,23883,0
2018,4,23883,0
2019,1,29649,0
2019,1,29649,0
2019,1,29649,0
2019,1,29649,0
2019,2,35516,157317
2019,2,35516,157317
2019,2,35516,157317
2019,2,35516,157317
2019,3,39173,503126
2019,3,39173,503126
2019,3,39173,503126
2019,3,39173,503126
2019,4,43108,470440
2019,4,43108,470440
2019,4,43108,470440
2019,4,43108,470440
2020,1,47790,590484
2020,1,47790,590484
2020,1,47790,590484
2020,1,47790,590484
2020,2,53034,695673
2020,2,53034,695673
2020,2,53034,695673
2020,2,53034,695673
2020,3,58401,1015680
2020,3,58401,1015680
2020,3,58401,1015680
2020,3,58401,1015680
2020,4,64853,1232757
2020,4,64853,1232757
2020,4,64853,1232757
2020,4,64853,1232757
2021,1,69919,1184204
2021,1,69919,1184204
2021,1,69919,1184204
2021,1,69919,1184204
2021,2,75048,4391632
2021,2,75048,4391632
2021,2,75048,4391632
2021,2,75048,4391632
2021,3,81210,7099550
2021,3,81210,7099550
2021,3,81210,7099550
2021,3,81210,7099550
2021,4,87057,2665203
2021,4,87057,2665203
2021,4,87057,2665203
2021,4,87057,2665203
2022,1,92492,8902080
2022,1,92492,8902080
2022,1,92492,8902080
2022,1,92492,8902080
2022,2,97517,14768129
2022,2,97517,14768129
2022,2,97517,14768129
2022,2,97517,14768129
2022,3,102299,19734781
2022,3,102299,19734781
2022,3,102299,19734781
2022,3,102299,19734781
2022,4,106337,3832339
2022,4,106337,3832339
2022,4,106337,3832339
2022,4,106337,3832339
2018,1,501,0
2018,1,501,0
2018,1,501,0
2018,1,501,0
2018,2,686,0
2018,2,686,0
2018,2,686,0
2018,2,686,0
2018,3,918,0
2018,3,918,0
2018,3,918,0
2018,3,918,0
2018,4,1156,0
2018,4,1156,0
2018,4,1156,0
2018,4,1156,0
2019,1,1416,0
2019,1,1416,0
2019,1,1416,0
2019,1,1416,0
2019,2,1747,4580
2019,2,1747,4580
2019,2,1747,4580
2019,2,1747,4580
2019,3,2117,15038
2019,3,2117,15038
2019,3,2117,15038
2019,3,2117,15038
2019,4,2427,17760
2019,4,2427,17760
2019,4,2427,17760
2019,4,2427,17760
2020,1,2772,21982
2020,1,2772,21982
2020,1,2772,21982
2020,1,2772,21982
2020,2,3187,29202
2020,2,3187,29202
2020,2,3187,29202
2020,2,3187,29202
2020,3,3644,32128
2020,3,3644,32128
2020,3,3644,32128
2020,3,3644,32128
2020,4,4179,41144
2020,4,4179,41144
2020,4,4179,41144
2020,4,4179,41144
2021,1,4577,47283
2021,1,4577,47283
2021,1,4577,47283
2021,1,4577,47283
2021,2,4896,40301
2021,2,4896,40301
2021,2,4896,40301
2021,2,4896,40301
2021,3,5287,49127
2021,3,5287,49127
2021,3,5287,49127
2021,3,5287,49127
2021,4,5638,67320
2021,4,5638,67320
2021,4,5638,67320
2021,4,5638,67320
2022,1,5990,45410
2022,1,5990,45410
2022,1,5990,45410
2022,1,5990,45410
2022,2,6327,38450
2022,2,6327,38450
2022,2,6327,38450
2022,2,6327,38450
2022,3,6645,18111
2022,3,6645,18111
2022,3,6645,18111
2022,3,6645,18111
2022,4,6961,72377
2022,4,6961,72377
2022,4,6961,72377
2022,4,6961,72377
2018,1,2553603,0
2018,1,2553603,0
2018,1,2553603,0
2018,1,2553603,0
2018,2,3441662,0
2018,2,3441662,0
2018,2,3441662,0
2018,2,3441662,0
2018,3,4309309,0
2018,3,4309309,0
2018,3,4309309,0
2018,3,4309309,0
2018,4,5365442,0
2018,4,5365442,0
2018,4,5365442,0
2018,4,5365442,0
2019,1,6414403,0
2019,1,6414403,0
2019,1,6414403,0
2019,1,6414403,0
2019,2,7301172,50642151
2019,2,7301172,50642151
2019,2,7301172,50642151
2019,2,7301172,50642151
2019,3,8180664,192353380
2019,3,8180664,192353380
2019,3,8180664,192353380
2019,3,8180664,192353380
2019,4,9165241,237844976
2019,4,9165241,237844976
2019,4,9165241,237844976
2019,4,9165241,237844976
2020,1,10151371,262452480
2020,1,10151371,262452480
2020,1,10151371,262452480
2020,1,10151371,262452480
2020,2,11374423,253770044
2020,2,11374423,253770044
2020,2,11374423,253770044
2020,2,11374423,253770044
2020,3,12564224,324850994
2020,3,12564224,324850994
2020,3,12564224,324850994
2020,3,12564224,324850994
2020,4,13737947,405571446
2020,4,13737947,405571446
2020,4,13737947,405571446
2020,4,13737947,405571446
2021,1,14839427,482500276
2021,1,14839427,482500276
2021,1,14839427,482500276
2021,1,14839427,482500276
2021,2,15940935,727741649
2021,2,15940935,727741649
2021,2,15940935,727741649
2021,2,15940935,727741649
2021,3,17210233,929572924
2021,3,17210233,929572924
2021,3,17210233,929572924
2021,3,17210233,929572924
2021,4,18456243,956630781
2021,4,18456243,956630781
2021,4,18456243,956630781
2021,4,18456243,956630781
2022,1,19656147,1678266475
2022,1,19656147,1678266475
2022,1,19656147,1678266475
2022,1,19656147,1678266475
2022,2,20766417,1902866132
2022,2,20766417,1902866132
2022,2,20766417,1902866132
2022,2,20766417,1902866132
2022,3,21884220,2026371749
2022,3,21884220,2026371749
2022,3,21884220,2026371749
2022,3,21884220,2026371749
2022,4,22913924,1388282818
2022,4,22913924,1388282818
2022,4,22913924,1388282818
2022,4,22913924,1388282818
2018,1,6106994,0
2018,1,6106994,0
2018,1,6106994,0
2018,1,6106994,0
2018,2,8222371,0
2018,2,8222371,0
2018,2,8222371,0
2018,2,8222371,0
2018,3,10435033,0
2018,3,10435033,0
2018,3,10435033,0
2018,3,10435033,0
2018,4,13381602,0
2018,4,13381602,0
2018,4,13381602,0
2018,4,13381602,0
2019,1,16284451,0
2019,1,16284451,0
2019,1,16284451,0
2019,1,16284451,0
2019,2,18776975,109967705
2019,2,18776975,109967705
2019,2,18776975,109967705
2019,2,18776975,109967705
2019,3,21313081,439998413
2019,3,21313081,439998413
2019,3,21313081,439998413
2019,3,21313081,439998413
2019,4,23745297,543654112
2019,4,23745297,543654112
2019,4,23745297,543654112
2019,4,23745297,543654112
2020,1,26168390,615146568
2020,1,26168390,615146568
2020,1,26168390,615146568
2020,1,26168390,615146568
2020,2,28765086,506354812
2020,2,28765086,506354812
2020,2,28765086,506354812
2020,2,28765086,506354812
2020,3,31409513,668197101
2020,3,31409513,668197101
2020,3,31409513,668197101
2020,3,31409513,668197101
2020,4,34432631,952006770
2020,4,34432631,952006770
2020,4,34432631,952006770
2020,4,34432631,952006770
2021,1,37077537,1101976484
2021,1,37077537,1101976484
2021,1,37077537,1101976484
2021,1,37077537,1101976484
2021,2,39664697,1208083592
2021,2,39664697,1208083592
2021,2,39664697,1208083592
2021,2,39664697,1208083592
2021,3,42581217,1565370852
2021,3,42581217,1565370852
2021,3,42581217,1565370852
2021,3,42581217,1565370852
2021,4,45482506,2031739248
2021,4,45482506,2031739248
2021,4,45482506,2031739248
2021,4,45482506,2031739248
2022,1,48227630,2157769514
2022,1,48227630,2157769514
2022,1,48227630,2157769514
2022,1,48227630,2157769514
2022,2,50802786,2492946019
2022,2,50802786,2492946019
2022,2,50802786,2492946019
2022,2,50802786,2492946019
2022,3,53432602,2638663712
2022,3,53432602,2638663712
2022,3,53432602,2638663712
2022,3,53432602,2638663712
2022,4,55954028,2982202696
2022,4,55954028,2982202696
2022,4,55954028,2982202696
2022,4,55954028,2982202696
2018,1,29925,0
2018,1,29925,0
2018,1,29925,0
2018,1,29925,0
2018,2,46055,0
2018,2,46055,0
2018,2,46055,0
2018,2,46055,0
2018,3,61935,0
2018,3,61935,0
2018,3,61935,0
2018,3,61935,0
2018,4,82589,0
2018,4,82589,0
2018,4,82589,0
2018,4,82589,0
2019,1,99527,0
2019,1,99527,0
2019,1,99527,0
2019,1,99527,0
2019,2,117747,464829
2019,2,117747,464829
2019,2,117747,464829
2019,2,117747,464829
2019,3,136316,1594205
2019,3,136316,1594205
2019,3,136316,1594205
2019,3,136316,1594205
2019,4,155358,1855488
2019,4,155358,1855488
2019,4,155358,1855488
2019,4,155358,1855488
2020,1,177374,2175642
2020,1,177374,2175642
2020,1,177374,2175642
2020,1,177374,2175642
2020,2,215496,3011491
2020,2,215496,3011491
2020,2,215496,3011491
2020,2,215496,3011491
2020,3,258563,3552375
2020,3,258563,3552375
2020,3,258563,3552375
2020,3,258563,3552375
2020,4,288772,3783432
2020,4,288772,3783432
2020,4,288772,3783432
2020,4,288772,3783432
2021,1,312668,3709227
2021,1,312668,3709227
2021,1,312668,3709227
2021,1,312668,3709227
2021,2,335409,7269002
2021,2,335409,7269002
2021,2,335409,7269002
2021,2,335409,7269002
2021,3,361749,9743772
2021,3,361749,9743772
2021,3,361749,9743772
2021,3,361749,9743772
2021,4,387746,7603294
2021,4,387746,7603294
2021,4,387746,7603294
2021,4,387746,7603294
2022,1,411900,22637747
2022,1,411900,22637747
2022,1,411900,22637747
2022,1,411900,22637747
2022,2,434563,26236900
2022,2,434563,26236900
2022,2,434563,26236900
2022,2,434563,26236900
2022,3,457063,26011343
2022,3,457063,26011343
2022,3,457063,26011343
2022,3,457063,26011343
2022,4,477292,12462732
2022,4,477292,12462732
2022,4,477292,12462732
2022,4,477292,12462732
2018,1,18513,0
2018,1,18513,0
2018,1,18513,0
2018,1,18513,0
2018,2,26618,0
2018,2,26618,0
2018,2,26618,0
2018,2,26618,0
2018,3,37281,0
2018,3,37281,0
2018,3,37281,0
2018,3,37281,0
2018,4,49634,0
2018,4,49634,0
2018,4,49634,0
2018,4,49634,0
2019,1,61487,0
2019,1,61487,0
2019,1,61487,0
2019,1,61487,0
2019,2,74746,395764
2019,2,74746,395764
2019,2,74746,395764
2019,2,74746,395764
2019,3,87395,1387814
2019,3,87395,1387814
2019,3,87395,1387814
2019,3,87395,1387814
2019,4,100030,1490542
2019,4,100030,1490542
2019,4,100030,1490542
2019,4,100030,1490542
2020,1,113814,1716211
2020,1,113814,1716211
2020,1,113814,1716211
2020,1,113814,1716211
2020,2,136211,2205253
2020,2,136211,2205253
2020,2,136211,2205253
2020,2,136211,2205253
2020,3,157741,2384534
2020,3,157741,2384534
2020,3,157741,2384534
2020,3,157741,2384534
2020,4,176447,2745917
2020,4,176447,2745917
2020,4,176447,2745917
2020,4,176447,2745917
2021,1,190869,2939026
2021,1,190869,2939026
2021,1,190869,2939026
2021,1,190869,2939026
2021,2,205686,7290804
2021,2,205686,7290804
2021,2,205686,7290804
2021,2,205686,7290804
2021,3,223065,9952956
2021,3,223065,9952956
2021,3,223065,9952956
2021,3,223065,9952956
2021,4,240268,6048594
2021,4,240268,6048594
2021,4,240268,6048594
2021,4,240268,6048594
2022,1,255839,23634106
2022,1,255839,23634106
2022,1,255839,23634106
2022,1,255839,23634106
2022,2,269943,27458992
2022,2,269943,27458992
2022,2,269943,27458992
2022,2,269943,27458992
2022,3,283487,32596135
2022,3,283487,32596135
2022,3,283487,32596135
2022,3,283487,32596135
2022,4,295322,10105924
2022,4,295322,10105924
2022,4,295322,10105924
2022,4,295322,10105924
2018,1,7593,0
2018,1,7593,0
2018,1,7593,0
2018,1,7593,0
2018,2,10422,0
2018,2,10422,0
2018,2,10422,0
2018,2,10422,0
2018,3,14502,0
2018,3,14502,0
2018,3,14502,0
2018,3,14502,0
2018,4,19365,0
2018,4,19365,0
2018,4,19365,0
2018,4,19365,0
2019,1,23670,0
2019,1,23670,0
2019,1,23670,0
2019,1,23670,0
2019,2,28696,133025
2019,2,28696,133025
2019,2,28696,133025
2019,2,28696,133025
2019,3,34134,457834
2019,3,34134,457834
2019,3,34134,457834
2019,3,34134,457834
2019,4,39809,529168
2019,4,39809,529168
2019,4,39809,529168
2019,4,39809,529168
2020,1,46499,644683
2020,1,46499,644683
2020,1,46499,644683
2020,1,46499,644683
2020,2,55574,739308
2020,2,55574,739308
2020,2,55574,739308
2020,2,55574,739308
2020,3,68315,924865
2020,3,68315,924865
2020,3,68315,924865
2020,3,68315,924865
2020,4,78731,1096182
2020,4,78731,1096182
2020,4,78731,1096182
2020,4,78731,1096182
2021,1,85750,1193214
2021,1,85750,1193214
2021,1,85750,1193214
2021,1,85750,1193214
2021,2,92552,4014597
2021,2,92552,4014597
2021,2,92552,4014597
2021,2,92552,4014597
2021,3,100647,5385718
2021,3,100647,5385718
2021,3,100647,5385718
2021,3,100647,5385718
2021,4,108405,2094118
2021,4,108405,2094118
2021,4,108405,2094118
2021,4,108405,2094118
2022,1,115295,14886657
2022,1,115295,14886657
2022,1,115295,14886657
2022,1,115295,14886657
2022,2,121535,16646550
2022,2,121535,16646550
2022,2,121535,16646550
2022,2,121535,16646550
2022,3,127735,15557163
2022,3,127735,15557163
2022,3,127735,15557163
2022,3,127735,15557163
2022,4,132870,3144551
2022,4,132870,3144551
2022,4,132870,3144551
2022,4,132870,3144551
2018,1,15074,0
2018,1,15074,0
2018,1,15074,0
2018,1,15074,0
2018,2,22436,0
2018,2,22436,0
2018,2,22436,0
2018,2,22436,0
2018,3,32090,0
2018,3,32090,0
2018,3,32090,0
2018,3,32090,0
2018,4,42997,0
2018,4,42997,0
2018,4,42997,0
2018,4,42997,0
2019,1,53911,0
2019,1,53911,0
2019,1,53911,0
2019,1,53911,0
2019,2,66891,362497
2019,2,66891,362497
2019,2,66891,362497
2019,2,66891,362497
2019,3,80077,1244022
2019,3,80077,1244022
2019,3,80077,1244022
2019,3,80077,1244022
2019,4,93124,1454551
2019,4,93124,1454551
2019,4,93124,1454551
2019,4,93124,1454551
2020,1,107143,1684520
2020,1,107143,1684520
2020,1,107143,1684520
2020,1,107143,1684520
2020,2,130205,2119279
2020,2,130205,2119279
2020,2,130205,2119279
2020,2,130205,2119279
2020,3,173106,2868642
2020,3,173106,2868642
2020,3,173106,2868642
2020,3,173106,2868642
2020,4,192188,2922121
2020,4,192188,2922121
2020,4,192188,2922121
2020,4,192188,2922121
2021,1,207808,2980581
2021,1,207808,2980581
2021,1,207808,2980581
2021,1,207808,2980581
2021,2,223337,6716892
2021,2,223337,6716892
2021,2,223337,6716892
2021,2,223337,6716892
2021,3,241797,8661991
2021,3,241797,8661991
2021,3,241797,8661991
2021,3,241797,8661991
2021,4,259990,6383337
2021,4,259990,6383337
2021,4,259990,6383337
2021,4,259990,6383337
2022,1,276483,24206053
2022,1,276483,24206053
2022,1,276483,24206053
2022,1,276483,24206053
2022,2,292104,28652431
2022,2,292104,28652431
2022,2,292104,28652431
2022,2,292104,28652431
2022,3,307386,31229366
2022,3,307386,31229366
2022,3,307386,31229366
2022,3,307386,31229366
2022,4,321205,11171582
2022,4,321205,11171582
2022,4,321205,11171582
2022,4,321205,11171582
2018,1,1594015,0
2018,1,1594015,0
2018,1,1594015,0
2018,1,1594015,0
2018,2,2185781,0
2018,2,2185781,0
2018,2,2185781,0
2018,2,2185781,0
2018,3,2795718,0
2018,3,2795718,0
2018,3,2795718,0
2018,3,2795718,0
2018,4,3623911,0
2018,4,3623911,0
2018,4,3623911,0
2018,4,3623911,0
2019,1,4320744,0
2019,1,4320744,0
2019,1,4320744,0
2019,1,4320744,0
2019,2,4845359,33955545
2019,2,4845359,33955545
2019,2,4845359,33955545
2019,2,4845359,33955545
2019,3,5387209,130181456
2019,3,5387209,130181456
2019,3,5387209,130181456
2019,3,5387209,130181456
2019,4,6115537,189905719
2019,4,6115537,189905719
2019,4,6115537,189905719
2019,4,6115537,189905719
2020,1,6652970,175918622
2020,1,6652970,175918622
2020,1,6652970,175918622
2020,1,6652970,175918622
2020,2,7258315,154682772
2020,2,7258315,154682772
2020,2,7258315,154682772
2020,2,7258315,154682772
2020,3,7901755,205597666
2020,3,7901755,205597666
2020,3,7901755,205597666
2020,3,7901755,205597666
2020,4,8598751,270085293
2020,4,8598751,270085293
2020,4,8598751,270085293
2020,4,8598751,270085293
2021,1,9233009,301315474
2021,1,9233009,301315474
2021,1,9233009,301315474
2021,1,9233009,301315474
2021,2,9891029,367576494
2021,2,9891029,367576494
2021,2,9891029,367576494
2021,2,9891029,367576494
2021,3,10652490,492879704
2021,3,10652490,492879704
2021,3,10652490,492879704
2021,3,10652490,492879704
2021,4,11399235,567351446
2021,4,11399235,567351446
2021,4,11399235,567351446
2021,4,11399235,567351446
2022,1,12124779,613855465
2022,1,12124779,613855465
2022,1,12124779,613855465
2022,1,12124779,613855465
2022,2,12801990,670311093
2022,2,12801990,670311093
2022,2,12801990,670311093
2022,2,12801990,670311093
2022,3,13493282,725475924
2022,3,13493282,725475924
2022,3,13493282,725475924
2022,3,13493282,725475924
2022,4,14127239,726099254
2022,4,14127239,726099254
2022,4,14127239,726099254
2022,4,14127239,726099254
2018,1,49318,0
2018,1,49318,0
2018,1,49318,0
2018,1,49318,0
2018,2,65580,0
2018,2,65580,0
2018,2,65580,0
2018,2,65580,0
2018,3,81546,0
2018,3,81546,0
2018,3,81546,0
2018,3,81546,0
2018,4,109494,0
2018,4,109494,0
2018,4,109494,0
2018,4,109494,0
2019,1,133059,0
2019,1,133059,0
2019,1,133059,0
2019,1,133059,0
2019,2,156458,661932
2019,2,156458,661932
2019,2,156458,661932
2019,2,156458,661932
2019,3,177868,2476922
2019,3,177868,2476922
2019,3,177868,2476922
2019,3,177868,2476922
2019,4,204292,3263122
2019,4,204292,3263122
2019,4,204292,3263122
2019,4,204292,3263122
2020,1,230908,3820943
2020,1,230908,3820943
2020,1,230908,3820943
2020,1,230908,3820943
2020,2,255600,3057608
2020,2,255600,3057608
2020,2,255600,3057608
2020,2,255600,3057608
2020,3,285173,4222159
2020,3,285173,4222159
2020,3,285173,4222159
2020,3,285173,4222159
2020,4,319626,6377136
2020,4,319626,6377136
2020,4,319626,6377136
2020,4,319626,6377136
2021,1,346279,7914507
2021,1,346279,7914507
2021,1,346279,7914507
2021,1,346279,7914507
2021,2,369961,5178916
2021,2,369961,5178916
2021,2,369961,5178916
2021,2,369961,5178916
2021,3,396609,6899592
2021,3,396609,6899592
2021,3,396609,6899592
2021,3,396609,6899592
2021,4,423167,14257568
2021,4,423167,14257568
2021,4,423167,14257568
2021,4,423167,14257568
2022,1,448051,3938657
2022,1,448051,3938657
2022,1,448051,3938657
2022,1,448051,3938657
2022,2,471663,3830290
2022,2,471663,3830290
2022,2,471663,3830290
2022,2,471663,3830290
2022,3,496570,4186911
2022,3,496570,4186911
2022,3,496570,4186911
2022,3,496570,4186911
2022,4,520649,24144184
2022,4,520649,24144184
2022,4,520649,24144184
2022,4,520649,24144184
2018,1,847142,0
2018,1,847142,0
2018,1,847142,0
2018,1,847142,0
2018,2,1152190,0
2018,2,1152190,0
2018,2,1152190,0
2018,2,1152190,0
2018,3,1473148,0
2018,3,1473148,0
2018,3,1473148,0
2018,3,1473148,0
2018,4,1865715,0
2018,4,1865715,0
2018,4,1865715,0
2018,4,1865715,0
2019,1,2226590,0
2019,1,2226590,0
2019,1,2226590,0
2019,1,2226590,0
2019,2,2600112,10928094
2019,2,2600112,10928094
2019,2,2600112,10928094
2019,2,2600112,10928094
2019,3,2962713,40860886
2019,3,2962713,40860886
2019,3,2962713,40860886
2019,3,2962713,40860886
2019,4,3321742,47673880
2019,4,3321742,47673880
2019,4,3321742,47673880
2019,4,3321742,47673880
2020,1,3739502,53853710
2020,1,3739502,53853710
2020,1,3739502,53853710
2020,1,3739502,53853710
2020,2,4225481,51289576
2020,2,4225481,51289576
2020,2,4225481,51289576
2020,2,4225481,51289576
2020,3,4694233,58946732
2020,3,4694233,58946732
2020,3,4694233,58946732
2020,3,4694233,58946732
2020,4,5157868,71191183
2020,4,5157868,71191183
2020,4,5157868,71191183
2020,4,5157868,71191183
2021,1,5568777,81052268
2021,1,5568777,81052268
2021,1,5568777,81052268
2021,1,5568777,81052268
2021,2,5976548,85894089
2021,2,5976548,85894089
2021,2,5976548,85894089
2021,2,5976548,85894089
2021,3,6434862,107614155
2021,3,6434862,107614155
2021,3,6434862,107614155
2021,3,6434862,107614155
2021,4,6880103,138427499
2021,4,6880103,138427499
2021,4,6880103,138427499
2021,4,6880103,138427499
2022,1,7302726,117482807
2022,1,7302726,117482807
2022,1,7302726,117482807
2022,1,7302726,117482807
2022,2,7702100,138965337
2022,2,7702100,138965337
2022,2,7702100,138965337
2022,2,7702100,138965337
2022,3,8097582,154625731
2022,3,8097582,154625731
2022,3,8097582,154625731
2022,3,8097582,154625731
2022,4,8462753,199899443
2022,4,8462753,199899443
2022,4,8462753,199899443
2022,4,8462753,199899443
2018,1,3158202,0
2018,1,3158202,0
2018,1,3158202,0
2018,1,3158202,0
2018,2,4212964,0
2018,2,4212964,0
2018,2,4212964,0
2018,2,4212964,0
2018,3,5175453,0
2018,3,5175453,0
2018,3,5175453,0
2018,3,5175453,0
2018,4,6358738,0
2018,4,6358738,0
2018,4,6358738,0
2018,4,6358738,0
2019,1,7712204,0
2019,1,7712204,0
2019,1,7712204,0
2019,1,7712204,0
2019,2,8783935,62787336
2019,2,8783935,62787336
2019,2,8783935,62787336
2019,2,8783935,62787336
2019,3,9797304,238338999
2019,3,9797304,238338999
2019,3,9797304,238338999
2019,3,9797304,238338999
2019,4,10925031,288904693
2019,4,10925031,288904693
2019,4,10925031,288904693
2019,4,10925031,288904693
2020,1,12142053,341815756
2020,1,12142053,341815756
2020,1,12142053,341815756
2020,1,12142053,341815756
2020,2,13563201,329941181
2020,2,13563201,329941181
2020,2,13563201,329941181
2020,2,13563201,329941181
2020,3,14969412,436682870
2020,3,14969412,436682870
2020,3,14969412,436682870
2020,3,14969412,436682870
2020,4,16329494,511015109
2020,4,16329494,511015109
2020,4,16329494,511015109
2020,4,16329494,511015109
2021,1,17661088,632535059
2021,1,17661088,632535059
2021,1,17661088,632535059
2021,1,17661088,632535059
2021,2,18980985,1072091232
2021,2,18980985,1072091232
2021,2,18980985,1072091232
2021,2,18980985,1072091232
2021,3,20499465,1429553825
2021,3,20499465,1429553825
2021,3,20499465,1429553825
2021,3,20499465,1429553825
2021,4,21977202,1185124031
2021,4,21977202,1185124031
2021,4,21977202,1185124031
2021,4,21977202,1185124031
2022,1,23398857,2570606469
2022,1,23398857,2570606469
2022,1,23398857,2570606469
2022,1,23398857,2570606469
2022,2,24716181,2771434947
2022,2,24716181,2771434947
2022,2,24716181,2771434947
2022,2,24716181,2771434947
2022,3,26042948,3299787866
2022,3,26042948,3299787866
2022,3,26042948,3299787866
2022,3,26042948,3299787866
2022,4,27255927,1537424924
2022,4,27255927,1537424924
2022,4,27255927,1537424924
2022,4,27255927,1537424924
2018,1,20051,0
2018,1,20051,0
2018,1,20051,0
2018,1,20051,0
2018,2,28097,0
2018,2,28097,0
2018,2,28097,0
2018,2,28097,0
2018,3,37637,0
2018,3,37637,0
2018,3,37637,0
2018,3,37637,0
2018,4,48538,0
2018,4,48538,0
2018,4,48538,0
2018,4,48538,0
2019,1,58956,0
2019,1,58956,0
2019,1,58956,0
2019,1,58956,0
2019,2,70999,398520
2019,2,70999,398520
2019,2,70999,398520
2019,2,70999,398520
2019,3,82128,1316804
2019,3,82128,1316804
2019,3,82128,1316804
2019,3,82128,1316804
2019,4,92972,1552004
2019,4,92972,1552004
2019,4,92972,1552004
2019,4,92972,1552004
2020,1,104631,1697163
2020,1,104631,1697163
2020,1,104631,1697163
2020,1,104631,1697163
2020,2,119921,1912335
2020,2,119921,1912335
2020,2,119921,1912335
2020,2,119921,1912335
2020,3,134773,2156470
2020,3,134773,2156470
2020,3,134773,2156470
2020,3,134773,2156470
2020,4,148543,2478670
2020,4,148543,2478670
2020,4,148543,2478670
2020,4,148543,2478670
2021,1,160213,2795331
2021,1,160213,2795331
2021,1,160213,2795331
2021,1,160213,2795331
2021,2,171740,4541121
2021,2,171740,4541121
2021,2,171740,4541121
2021,2,171740,4541121
2021,3,184693,5714565
2021,3,184693,5714565
2021,3,184693,5714565
2021,3,184693,5714565
2021,4,197407,5525552
2021,4,197407,5525552
2021,4,197407,5525552
2021,4,197407,5525552
2022,1,209616,12440193
2022,1,209616,12440193
2022,1,209616,12440193
2022,1,209616,12440193
2022,2,220994,16993937
2022,2,220994,16993937
2022,2,220994,16993937
2022,2,220994,16993937
2022,3,232025,18748536
2022,3,232025,18748536
2022,3,232025,18748536
2022,3,232025,18748536
2022,4,241968,8948864
2022,4,241968,8948864
2022,4,241968,8948864
2022,4,241968,8948864
2018,1,2104754,0
2018,1,2104754,0
2018,1,2104754,0
2018,1,2104754,0
2018,2,2996036,0
2018,2,2996036,0
2018,2,2996036,0
2018,2,2996036,0
2018,3,3900177,0
2018,3,3900177,0
2018,3,3900177,0
2018,3,3900177,0
2018,4,5199878,0
2018,4,5199878,0
2018,4,5199878,0
2018,4,5199878,0
2019,1,6296303,0
2019,1,6296303,0
2019,1,6296303,0
2019,1,6296303,0
2019,2,7429609,33658961
2019,2,7429609,33658961
2019,2,7429609,33658961
2019,2,7429609,33658961
2019,3,8428835,124690342
2019,3,8428835,124690342
2019,3,8428835,124690342
2019,3,8428835,124690342
2019,4,9620493,155011717
2019,4,9620493,155011717
2019,4,9620493,155011717
2019,4,9620493,155011717
2020,1,10872368,179908753
2020,1,10872368,179908753
2020,1,10872368,179908753
2020,1,10872368,179908753
2020,2,12150786,144907447
2020,2,12150786,144907447
2020,2,12150786,144907447
2020,2,12150786,144907447
2020,3,13643451,194683284
2020,3,13643451,194683284
2020,3,13643451,194683284
2020,3,13643451,194683284
2020,4,15357586,288233552
2020,4,15357586,288233552
2020,4,15357586,288233552
2020,4,15357586,288233552
2021,1,16632608,348801714
2021,1,16632608,348801714
2021,1,16632608,348801714
2021,1,16632608,348801714
2021,2,17804542,343968474
2021,2,17804542,343968474
2021,2,17804542,343968474
2021,2,17804542,343968474
2021,3,19127440,459826734
2021,3,19127440,459826734
2021,3,19127440,459826734
2021,3,19127440,459826734
2021,4,20433142,685861440
2021,4,20433142,685861440
2021,4,20433142,685861440
2021,4,20433142,685861440
2022,1,21667020,638490275
2022,1,21667020,638490275
2022,1,21667020,638490275
2022,1,21667020,638490275
2022,2,22829720,740265406
2022,2,22829720,740265406
2022,2,22829720,740265406
2022,2,22829720,740265406
2022,3,24019964,866738343
2022,3,24019964,866738343
2022,3,24019964,866738343
2022,3,24019964,866738343
2022,4,25136112,1229187623
2022,4,25136112,1229187623
2022,4,25136112,1229187623
2022,4,25136112,1229187623
2018,1,3315560,0
2018,1,3315560,0
2018,1,3315560,0
2018,1,3315560,0
2018,2,4260115,0
2018,2,4260115,0
2018,2,4260115,0
2018,2,4260115,0
2018,3,5138501,0
2018,3,5138501,0
2018,3,5138501,0
2018,3,5138501,0
2018,4,6529679,0
2018,4,6529679,0
2018,4,6529679,0
2018,4,6529679,0
2019,1,7963425,0
2019,1,7963425,0
2019,1,7963425,0
2019,1,7963425,0
2019,2,9046007,80842302
2019,2,9046007,80842302
2019,2,9046007,80842302
2019,2,9046007,80842302
2019,3,10090557,318124511
2019,3,10090557,318124511
2019,3,10090557,318124511
2019,3,10090557,318124511
2019,4,11220691,399239044
2019,4,11220691,399239044
2019,4,11220691,399239044
2019,4,11220691,399239044
2020,1,12306860,454723816
2020,1,12306860,454723816
2020,1,12306860,454723816
2020,1,12306860,454723816
2020,2,13378191,367130505
2020,2,13378191,367130505
2020,2,13378191,367130505
2020,2,13378191,367130505
2020,3,14590882,527781925
2020,3,14590882,527781925
2020,3,14590882,527781925
2020,3,14590882,527781925
2020,4,15927797,764614235
2020,4,15927797,764614235
2020,4,15927797,764614235
2020,4,15927797,764614235
2021,1,17149069,920040042
2021,1,17149069,920040042
2021,1,17149069,920040042
2021,1,17149069,920040042
2021,2,18306880,905317692
2021,2,18306880,905317692
2021,2,18306880,905317692
2021,2,18306880,905317692
2021,3,19615278,1107529197
2021,3,19615278,1107529197
2021,3,19615278,1107529197
2021,3,19615278,1107529197
2021,4,20917649,1407599392
2021,4,20917649,1407599392
2021,4,20917649,1407599392
2021,4,20917649,1407599392
2022,1,22150612,1168864524
2022,1,22150612,1168864524
2022,1,22150612,1168864524
2022,1,22150612,1168864524
2022,2,23314363,1276259370
2022,2,23314363,1276259370
2022,2,23314363,1276259370
2022,2,23314363,1276259370
2022,3,24506111,1255597644
2022,3,24506111,1255597644
2022,3,24506111,1255597644
2022,3,24506111,1255597644
2022,4,25656381,1731228513
2022,4,25656381,1731228513
2022,4,25656381,1731228513
2022,4,25656381,1731228513
2018,1,55157,0
2018,1,55157,0
2018,1,55157,0
2018,1,55157,0
2018,2,83369,0
2018,2,83369,0
2018,2,83369,0
2018,2,83369,0
2018,3,116874,0
2018,3,116874,0
2018,3,116874,0
2018,3,116874,0
2018,4,153265,0
2018,4,153265,0
2018,4,153265,0
2018,4,153265,0
2019,1,183254,0
2019,1,183254,0
2019,1,183254,0
2019,1,183254,0
2019,2,217644,953627
2019,2,217644,953627
2019,2,217644,953627
2019,2,217644,953627
2019,3,245456,3350991
2019,3,245456,3350991
2019,3,245456,3350991
2019,3,245456,3350991
2019,4,272298,3610807
2019,4,272298,3610807
2019,4,272298,3610807
2019,4,272298,3610807
2020,1,299962,4063223
2020,1,299962,4063223
2020,1,299962,4063223
2020,1,299962,4063223
2020,2,336666,4443221
2020,2,336666,4443221
2020,2,336666,4443221
2020,2,336666,4443221
2020,3,376731,5777908
2020,3,376731,5777908
2020,3,376731,5777908
2020,3,376731,5777908
2020,4,409110,6017249
2020,4,409110,6017249
2020,4,409110,6017249
2020,4,409110,6017249
2021,1,439636,6009660
2021,1,439636,6009660
2021,1,439636,6009660
2021,1,439636,6009660
2021,2,472153,9500881
2021,2,472153,9500881
2021,2,472153,9500881
2021,2,472153,9500881
2021,3,509929,12279146
2021,3,509929,12279146
2021,3,509929,12279146
2021,3,509929,12279146
2021,4,546292,10728702
2021,4,546292,10728702
2021,4,546292,10728702
2021,4,546292,10728702
2022,1,582124,19322963
2022,1,582124,19322963
2022,1,582124,19322963
2022,1,582124,19322963
2022,2,615782,21343111
2022,2,615782,21343111
2022,2,615782,21343111
2022,2,615782,21343111
2022,3,649143,24123569
2022,3,649143,24123569
2022,3,649143,24123569
2022,3,649143,24123569
2022,4,678741,16107610
2022,4,678741,16107610
2022,4,678741,16107610
2022,4,678741,16107610
2018,1,4694250,0
2018,1,4694250,0
2018,1,4694250,0
2018,1,4694250,0
2018,2,6442554,0
2018,2,6442554,0
2018,2,6442554,0
2018,2,6442554,0
2018,3,8096483,0
2018,3,8096483,0
2018,3,8096483,0
2018,3,8096483,0
2018,4,10341964,0
2018,4,10341964,0
2018,4,10341964,0
2018,4,10341964,0
2019,1,12458661,0
2019,1,12458661,0
2019,1,12458661,0
2019,1,12458661,0
2019,2,14316349,78394040
2019,2,14316349,78394040
2019,2,14316349,78394040
2019,2,14316349,78394040
2019,3,16044607,268142606
2019,3,16044607,268142606
2019,3,16044607,268142606
2019,3,16044607,268142606
2019,4,17949542,324068625
2019,4,17949542,324068625
2019,4,17949542,324068625
2019,4,17949542,324068625
2020,1,20136256,374282083
2020,1,20136256,374282083
2020,1,20136256,374282083
2020,1,20136256,374282083
2020,2,22498519,383703534
2020,2,22498519,383703534
2020,2,22498519,383703534
2020,2,22498519,383703534
2020,3,24838116,450784508
2020,3,24838116,450784508
2020,3,24838116,450784508
2020,3,24838116,450784508
2020,4,27249134,552220798
2020,4,27249134,552220798
2020,4,27249134,552220798
2020,4,27249134,552220798
2021,1,29482075,639718324
2021,1,29482075,639718324
2021,1,29482075,639718324
2021,1,29482075,639718324
2021,2,31651894,673598864
2021,2,31651894,673598864
2021,2,31651894,673598864
2021,2,31651894,673598864
2021,3,34151882,803890116
2021,3,34151882,803890116
2021,3,34151882,803890116
2021,3,34151882,803890116
2021,4,36617655,1175923794
2021,4,36617655,1175923794
2021,4,36617655,1175923794
2021,4,36617655,1175923794
2022,1,38999692,836926025
2022,1,38999692,836926025
2022,1,38999692,836926025
2022,1,38999692,836926025
2022,2,41247289,947480495
2022,2,41247289,947480495
2022,2,41247289,947480495
2022,2,41247289,947480495
2022,3,43537920,1035702397
2022,3,43537920,1035702397
2022,3,43537920,1035702397
2022,3,43537920,1035702397
2022,4,45648650,1682003791
2022,4,45648650,1682003791
2022,4,45648650,1682003791
2022,4,45648650,1682003791
2018,1,483043,0
2018,1,483043,0
2018,1,483043,0
2018,1,483043,0
2018,2,649142,0
2018,2,649142,0
2018,2,649142,0
2018,2,649142,0
2018,3,810612,0
2018,3,810612,0
2018,3,810612,0
2018,3,810612,0
2018,4,1012103,0
2018,4,1012103,0
2018,4,1012103,0
2018,4,1012103,0
2019,1,1224955,0
2019,1,1224955,0
2019,1,1224955,0
2019,1,1224955,0
2019,2,1414339,7454279
2019,2,1414339,7454279
2019,2,1414339,7454279
2019,2,1414339,7454279
2019,3,1585859,24660988
2019,3,1585859,24660988
2019,3,1585859,24660988
2019,3,1585859,24660988
2019,4,1752677,28853867
2019,4,1752677,28853867
2019,4,1752677,28853867
2019,4,1752677,28853867
2020,1,1943606,32631265
2020,1,1943606,32631265
2020,1,1943606,32631265
2020,1,1943606,32631265
2020,2,2148567,31074793
2020,2,2148567,31074793
2020,2,2148567,31074793
2020,2,2148567,31074793
2020,3,2365438,40377348
2020,3,2365438,40377348
2020,3,2365438,40377348
2020,3,2365438,40377348
2020,4,2596244,52564888
2020,4,2596244,52564888
2020,4,2596244,52564888
2020,4,2596244,52564888
2021,1,2802122,59282260
2021,1,2802122,59282260
2021,1,2802122,59282260
2021,1,2802122,59282260
2021,2,3004040,78380036
2021,2,3004040,78380036
2021,2,3004040,78380036
2021,2,3004040,78380036
2021,3,3233509,90886530
2021,3,3233509,90886530
2021,3,3233509,90886530
2021,3,3233509,90886530
2021,4,3460015,110928354
2021,4,3460015,110928354
2021,4,3460015,110928354
2021,4,3460015,110928354
2022,1,3674829,115224382
2022,1,3674829,115224382
2022,1,3674829,115224382
2022,1,3674829,115224382
2022,2,3877056,156465685
2022,2,3877056,156465685
2022,2,3877056,156465685
2022,2,3877056,156465685
2022,3,4081976,152803850
2022,3,4081976,152803850
2022,3,4081976,152803850
2022,3,4081976,152803850
2022,4,4272049,160685547
2022,4,4272049,160685547
2022,4,4272049,160685547
2022,4,4272049,160685547
2018,1,2604789,0
2018,1,2604789,0
2018,1,2604789,0
2018,1,2604789,0
2018,2,3833795,0
2018,2,3833795,0
2018,2,3833795,0
2018,2,3833795,0
2018,3,4851740,0
2018,3,4851740,0
2018,3,4851740,0
2018,3,4851740,0
2018,4,6279278,0
2018,4,6279278,0
2018,4,6279278,0
2018,4,6279278,0
2019,1,7449425,0
2019,1,7449425,0
2019,1,7449425,0
2019,1,7449425,0
2019,2,8612795,49514201
2019,2,8612795,49514201
2019,2,8612795,49514201
2019,2,8612795,49514201
2019,3,9643222,176559011
2019,3,9643222,176559011
2019,3,9643222,176559011
2019,3,9643222,176559011
2019,4,10885058,244326613
2019,4,10885058,244326613
2019,4,10885058,244326613
2019,4,10885058,244326613
2020,1,11960822,207068218
2020,1,11960822,207068218
2020,1,11960822,207068218
2020,1,11960822,207068218
2020,2,13222022,198589332
2020,2,13222022,198589332
2020,2,13222022,198589332
2020,2,13222022,198589332
2020,3,14448366,246554831
2020,3,14448366,246554831
2020,3,14448366,246554831
2020,3,14448366,246554831
2020,4,15662093,291721919
2020,4,15662093,291721919
2020,4,15662093,291721919
2020,4,15662093,291721919
2021,1,16808799,316832674
2021,1,16808799,316832674
2021,1,16808799,316832674
2021,1,16808799,316832674
2021,2,17979979,275341466
2021,2,17979979,275341466
2021,2,17979979,275341466
2021,2,17979979,275341466
2021,3,19323278,348588666
2021,3,19323278,348588666
2021,3,19323278,348588666
2021,3,19323278,348588666
2021,4,20644527,512335839
2021,4,20644527,512335839
2021,4,20644527,512335839
2021,4,20644527,512335839
2022,1,21919787,236131065
2022,1,21919787,236131065
2022,1,21919787,236131065
2022,1,21919787,236131065
2022,2,23124388,250276369
2022,2,23124388,250276369
2022,2,23124388,250276369
2022,2,23124388,250276369
2022,3,24372048,256445748
2022,3,24372048,256445748
2022,3,24372048,256445748
2022,3,24372048,256445748
2022,4,25536381,678066327
2022,4,25536381,678066327
2022,4,25536381,678066327
2022,4,25536381,678066327
