Year,Quarter,State,Count,Amount
2018,1,andaman-&-nicobar-islands,6658,14631761.22198579
2018,1,andhra-pradesh,9039585,11996276391.823051
2018,1,arunachal-pradesh,45497,92387336.00940925
2018,1,assam,1056881,1157804456.2124696
2018,1,bihar,5824302,6045758172.01712
2018,1,chandigarh,381895,613435420.8676233
2018,1,chhattisgarh,1891514,2149155557.2367706
2018,1,dadra-&-nagar-haveli-&-daman-&-diu,148549,175658384.10921687
2018,1,delhi,7122754,11211503806.919956
2018,1,goa,160897,303856742.3430836
2018,1,gujarat,5948775,7577982255.033993
2018,1,haryana,4480770,6793511514.660353
2018,1,himachal-pradesh,481918,628737806.3723382
2018,1,jammu-&-kashmir,941568,1005371239.2561288
2018,1,jharkhand,2178921,2374186389.919391
2018,1,karnataka,12016899,19217895314.01276
2018,1,kerala,1771380,2402674753.1005144
2018,1,ladakh,6089,12532857.771114783
2018,1,lakshadweep,778,1928611.1808777405
2018,1,madhya-pradesh,8025395,8681603403.445732
2018,1,maharashtra,16387034,21711613257.72505
2018,1,manipur,84069,128046173.93020909
2018,1,meghalaya,49571,66250259.789900534
2018,1,mizoram,18561,45227219.97579085
2018,1,nagaland,42845,78005891.08612508
2018,1,odisha,5809821,4627632210.887464
2018,1,puducherry,104212,165825971.36983612
2018,1,punjab,1870433,2780758224.8544054
2018,1,rajasthan,7591690,8926293130.726667
2018,1,sikkim,44078,64650938.94036843
2018,1,tamil-nadu,6726622,11261557697.516497
2018,1,telangana,8522766,13308204118.5422
2018,1,tripura,148157,137978914.5306226
2018,1,uttar-pradesh,12537805,13939970923.222141
2018,1,uttarakhand,1246685,1508545358.5238893
2018,1,west-bengal,11710225,10625978552.14011
2018,2,andaman-&-nicobar-islands,11340,28338535.507953543
2018,2,andhra-pradesh,12353918,22883914272.633926
2018,2,arunachal-pradesh,82157,198970192.34204647
2018,2,assam,1663873,2350585135.5377946
2018,2,bihar,8632378,13506131109.672344
2018,2,chandigarh,479084,961223261.74473
2018,2,chhattisgarh,2816156,4264170443.161663
2018,2,dadra-&-nagar-haveli-&-daman-&-diu,202626,302070771.6561516
2018,2,delhi,9373723,17446299902.20515
2018,2,goa,229575,478603825.3586153
2018,2,gujarat,7745733,12162684771.641142
2018,2,haryana,6150931,11320414442.116573
2018,2,himachal-pradesh,687695,1183169301.3511248
2018,2,jammu-&-kashmir,1796326,2651206236.5028706
2018,2,jharkhand,3152080,4721575659.062874
2018,2,karnataka,17116447,33515580081.30256
2018,2,kerala,2308165,3886923343.4426317
2018,2,ladakh,15010,47334902.53774147
2018,2,lakshadweep,2132,6187809.539400538
2018,2,madhya-pradesh,10561412,15924081066.680033
2018,2,maharashtra,22285740,36357057241.12164
2018,2,manipur,151721,253209721.31949443
2018,2,meghalaya,67857,117004667.84183154
2018,2,mizoram,27051,83508405.55773434
2018,2,nagaland,65599,153325577.8803015
2018,2,odisha,8158144,8488310339.619964
2018,2,puducherry,130261,285801119.53243685
2018,2,punjab,2581163,4684672212.007043
2018,2,rajasthan,9973697,15559086175.758575
2018,2,sikkim,74578,143693085.5297956
2018,2,tamil-nadu,9992128,20125844276.267284
2018,2,telangana,10764670,23017201517.652706
2018,2,tripura,214559,236891718.71613598
2018,2,uttar-pradesh,17710943,25720201695.70151
2018,2,uttarakhand,1704122,2679755378.5510435
2018,2,west-bengal,18082446,18629183470.204056
2018,3,andaman-&-nicobar-islands,16265,55557471.13431111
2018,3,andhra-pradesh,25626061,35718044599.21376
2018,3,arunachal-pradesh,131146,331726406.741391
2018,3,assam,2351851,3811134989.914297
2018,3,bihar,14367804,20135804378.90088
2018,3,chandigarh,616936,1369354447.5343118
2018,3,chhattisgarh,3859604,6302307073.446378
2018,3,dadra-&-nagar-haveli-&-daman-&-diu,289575,447639595.67817557
2018,3,delhi,18547048,27375846860.618557
2018,3,goa,339511,713166969.2382338
2018,3,gujarat,11334149,17866404426.275417
2018,3,haryana,8262024,16375139007.627409
2018,3,himachal-pradesh,886754,1754041432.858032
2018,3,jammu-&-kashmir,2303961,3934700999.457681
2018,3,jharkhand,8122621,8661571417.704533
2018,3,karnataka,25980261,48225091755.80751
2018,3,kerala,3134348,5323025223.875486
2018,3,ladakh,24864,84090977.14484604
2018,3,lakshadweep,1703,4339032.311985849
2018,3,madhya-pradesh,17126985,24149742204.67109
2018,3,maharashtra,31538538,52260817733.2465
2018,3,manipur,189258,383331244.7941222
2018,3,meghalaya,110290,209853661.5343937
2018,3,mizoram,39316,116600738.12539029
2018,3,nagaland,94371,241792742.93665278
2018,3,odisha,30052155,23094515775.583946
2018,3,puducherry,190271,417658075.4942071
2018,3,punjab,3462108,7065687043.821237
2018,3,rajasthan,14257098,24040768671.211685
2018,3,sikkim,108500,235080226.9533176
2018,3,tamil-nadu,15774078,29330092241.182823
2018,3,telangana,19332703,32030093209.723316
2018,3,tripura,377703,453863388.0405923
2018,3,uttar-pradesh,26515356,37012114369.23984
2018,3,uttarakhand,2229132,3726573039.8585076
2018,3,west-bengal,53705416,41843934183.17735
2018,4,andaman-&-nicobar-islands,23758,90548336.07445517
2018,4,andhra-pradesh,30759548,51473779406.84181
2018,4,arunachal-pradesh,176429,504040029.09175974
2018,4,assam,3734172,5888022859.0130625
2018,4,bihar,15732401,28397997168.577957
2018,4,chandigarh,905116,2032591591.779975
2018,4,chhattisgarh,5365844,9416412664.97134
2018,4,dadra-&-nagar-haveli-&-daman-&-diu,404082,658750616.8008869
2018,4,delhi,29187719,39722857618.706406
2018,4,goa,514755,1153005078.9224048
2018,4,gujarat,14733303,24830987102.782555
2018,4,haryana,12950183,25390876016.455875
2018,4,himachal-pradesh,1307883,2621298968.1392374
2018,4,jammu-&-kashmir,2721310,5664720265.697473
2018,4,jharkhand,6284043,10241916641.122265
2018,4,karnataka,44812071,73008386576.07219
2018,4,kerala,4310654,7747361236.81236
2018,4,ladakh,35211,135522842.49263754
2018,4,lakshadweep,1642,4463213.698222831
2018,4,madhya-pradesh,21397555,33905608072.96817
2018,4,maharashtra,46090223,79518937047.83649
2018,4,manipur,236110,605683559.3060098
2018,4,meghalaya,161132,337585679.00467265
2018,4,mizoram,55242,190426852.52952963
2018,4,nagaland,139333,388013467.5456229
2018,4,odisha,21142798,23429869571.56183
2018,4,puducherry,307964,625691665.423495
2018,4,punjab,4887137,10781982573.649637
2018,4,rajasthan,20959723,37909087083.339165
2018,4,sikkim,154533,383141358.0782536
2018,4,tamil-nadu,22457444,43302073975.895355
2018,4,telangana,28921154,49509088448.04936
2018,4,tripura,448059,624885599.4644458
2018,4,uttar-pradesh,36100767,55096743575.91992
2018,4,uttarakhand,3178761,5654272137.963861
2018,4,west-bengal,36513548,40489619211.70476
2019,1,andaman-&-nicobar-islands,30486,102299740.6734899
2019,1,andhra-pradesh,57264522,83760595917.07922
2019,1,arunachal-pradesh,226506,609950106.3139493
2019,1,assam,4533005,8002099536.450749
2019,1,bihar,26356234,41502827514.5264
2019,1,chandigarh,1274476,2396032050.444029
2019,1,chhattisgarh,7887669,12544556385.328346
2019,1,dadra-&-nagar-haveli-&-daman-&-diu,661814,843369776.0499012
2019,1,delhi,47007327,58469131789.49722
2019,1,goa,738812,1475323397.2765768
2019,1,gujarat,24991451,35856080308.47684
2019,1,haryana,22135775,34051655721.632015
2019,1,himachal-pradesh,2168718,3381481442.991052
2019,1,jammu-&-kashmir,3584987,5951835476.52097
2019,1,jharkhand,9387708,13627236449.278015
2019,1,karnataka,86587609,117976382145.76358
2019,1,kerala,6469039,10235031134.849646
2019,1,ladakh,46145,152859920.94912717
2019,1,lakshadweep,2481,8786130.479338996
2019,1,madhya-pradesh,37301049,48070279522.04944
2019,1,maharashtra,75079069,111420690920.34543
2019,1,manipur,265409,659898060.4240797
2019,1,meghalaya,208741,399037162.1534355
2019,1,mizoram,70306,218160895.39740252
2019,1,nagaland,168579,441941712.41232985
2019,1,odisha,34031942,35427127930.69939
2019,1,puducherry,501092,906473024.3065227
2019,1,punjab,7172137,13574490001.853003
2019,1,rajasthan,43956040,61141158575.555466
2019,1,sikkim,240287,457993634.3840942
2019,1,tamil-nadu,32275045,56204036816.13193
2019,1,telangana,65290702,95523262035.66656
2019,1,tripura,580926,756894941.6158214
2019,1,uttar-pradesh,57324504,76524180134.01335
2019,1,uttarakhand,5546001,7183529175.273893
2019,1,west-bengal,47626388,50164672623.88053
2019,2,andaman-&-nicobar-islands,33689,120254709.67566316
2019,2,andhra-pradesh,56409015,113634518758.22745
2019,2,arunachal-pradesh,258656,752655874.3550282
2019,2,assam,5454929,10954969189.126196
2019,2,bihar,29960479,63132438283.54148
2019,2,chandigarh,1252470,2693116098.944456
2019,2,chhattisgarh,9389945,17002355688.822344
2019,2,dadra-&-nagar-haveli-&-daman-&-diu,489656,824441276.5650709
2019,2,delhi,57171512,81706816063.62817
2019,2,goa,768441,1591867103.3876166
2019,2,gujarat,28981842,49320615219.2676
2019,2,haryana,22741816,42501539813.216446
2019,2,himachal-pradesh,2502306,4875883973.610579
2019,2,jammu-&-kashmir,2296355,6100142201.563486
2019,2,jharkhand,10128211,18622701305.546337
2019,2,karnataka,115401604,163702024226.0842
2019,2,kerala,7283826,13031371561.185558
2019,2,ladakh,68772,259255506.9974247
2019,2,lakshadweep,2926,9242524.13698889
2019,2,madhya-pradesh,40846013,68334566380.55629
2019,2,maharashtra,101149853,153294470088.0557
2019,2,manipur,257425,722789942.1494999
2019,2,meghalaya,232286,492931289.10727924
2019,2,mizoram,75671,248016708.1350144
2019,2,nagaland,188753,520066682.15850306
2019,2,odisha,29512024,44754854871.673485
2019,2,puducherry,580077,1211446910.127807
2019,2,punjab,8509830,18614793394.772293
2019,2,rajasthan,50009286,89107313172.66385
2019,2,sikkim,388244,738894243.4359409
2019,2,tamil-nadu,32171737,64207676025.75759
2019,2,telangana,89610379,155676443182.43335
2019,2,tripura,532558,841821482.8473763
2019,2,uttar-pradesh,58883500,98917519370.67369
2019,2,uttarakhand,4813275,8588532850.9185
2019,2,west-bengal,47023535,57105691119.118675
2019,3,andaman-&-nicobar-islands,33770,114071776.08729391
2019,3,andhra-pradesh,76288614,139447944254.7973
2019,3,arunachal-pradesh,370234,912645034.7958701
2019,3,assam,5942571,12950443620.426512
2019,3,bihar,32139900,67692783254.27991
2019,3,chandigarh,1506543,3269682087.660841
2019,3,chhattisgarh,12243111,19803259167.45332
2019,3,dadra-&-nagar-haveli-&-daman-&-diu,638751,961471473.848372
2019,3,delhi,69537876,103196812046.45694
2019,3,goa,1092416,2000367191.4968407
2019,3,gujarat,38228649,59462694964.26805
2019,3,haryana,30343531,52489119199.44211
2019,3,himachal-pradesh,2735180,5572018781.123379
2019,3,jammu-&-kashmir,1116526,3744230491.7824655
2019,3,jharkhand,14220647,21465973993.35914
2019,3,karnataka,170733735,214536720438.19772
2019,3,kerala,9286096,16429809722.064468
2019,3,ladakh,92396,331129527.1938223
2019,3,lakshadweep,3104,9651761.463768473
2019,3,madhya-pradesh,53610411,77676321491.24524
2019,3,maharashtra,148735581,199617506744.95584
2019,3,manipur,345008,863552002.5629337
2019,3,meghalaya,306550,612218602.1535325
2019,3,mizoram,98094,278793899.951342
2019,3,nagaland,261878,650956471.7134109
2019,3,odisha,41422272,57304577359.22441
2019,3,puducherry,716826,1460708357.4554117
2019,3,punjab,10706812,22905815605.84319
2019,3,rajasthan,67303617,112468290031.93045
2019,3,sikkim,552436,884716448.4404278
2019,3,tamil-nadu,41410183,78959604643.6407
2019,3,telangana,121495376,201930021130.4267
2019,3,tripura,711717,1017377422.8172247
2019,3,uttar-pradesh,68623959,111268137475.05243
2019,3,uttarakhand,5710476,9729032070.017328
2019,3,west-bengal,66444829,70540532616.83058
2019,4,andaman-&-nicobar-islands,35159,136838530.51737788
2019,4,andhra-pradesh,107218103,200948315488.79202
2019,4,arunachal-pradesh,459475,1190573179.5272837
2019,4,assam,6760510,15281983895.5121
2019,4,bihar,43530314,93313426577.80914
2019,4,chandigarh,1850915,4152513817.939354
2019,4,chhattisgarh,16305758,27143788737.213055
2019,4,dadra-&-nagar-haveli-&-daman-&-diu,768971,1226641262.01104
2019,4,delhi,80744997,129024467424.89062
2019,4,goa,1515272,2923460348.499469
2019,4,gujarat,42547632,76690662054.91364
2019,4,haryana,37825985,69359719869.10031
2019,4,himachal-pradesh,3516646,7271163537.248236
2019,4,jammu-&-kashmir,489928,1929695997.8225958
2019,4,jharkhand,18248618,28147748376.67695
2019,4,karnataka,237796252,295047143447.2267
2019,4,kerala,12498637,21151326637.80472
2019,4,ladakh,84706,324689360.02811146
2019,4,lakshadweep,3765,11269913.40492385
2019,4,madhya-pradesh,68131989,104687926790.85556
2019,4,maharashtra,201260620,272994428799.54803
2019,4,manipur,449344,1200897682.0886378
2019,4,meghalaya,365981,742436471.790219
2019,4,mizoram,125239,368689350.63448817
2019,4,nagaland,317170,834537138.3487769
2019,4,odisha,64995633,79769373632.04951
2019,4,puducherry,1012655,1932028317.8789022
2019,4,punjab,13698625,29989802246.19257
2019,4,rajasthan,85074242,159452410049.66812
2019,4,sikkim,767070,1176509601.656218
2019,4,tamil-nadu,56596411,103190865512.5439
2019,4,telangana,163572258,280746765547.7412
2019,4,tripura,801824,1215400160.2581902
2019,4,uttar-pradesh,86905005,145538926507.29413
2019,4,uttarakhand,7362116,12573706305.150837
2019,4,west-bengal,96805838,88203610254.64717
2020,1,andaman-&-nicobar-islands,41298,161476312.2972747
2020,1,andhra-pradesh,127677357,252737214289.05884
2020,1,arunachal-pradesh,567175,1381758681.3301466
2020,1,assam,8808860,20668428347.729362
2020,1,bihar,45081815,109256853527.24724
2020,1,chandigarh,2262511,5126453070.016205
2020,1,chhattisgarh,19523991,32860597671.356594
2020,1,dadra-&-nagar-haveli-&-daman-&-diu,878579,1342763369.292518
2020,1,delhi,81747604,133616543642.5902
2020,1,goa,1881237,3410371231.923764
2020,1,gujarat,47326417,86995076621.9043
2020,1,haryana,44036087,81976214558.24487
2020,1,himachal-pradesh,4144480,7419466751.122747
2020,1,jammu-&-kashmir,921630,2937643176.5340366
2020,1,jharkhand,18282713,33611232153.268955
2020,1,karnataka,271033890,353402054999.39056
2020,1,kerala,15733522,26451084830.9343
2020,1,ladakh,116419,377639677.4457433
2020,1,lakshadweep,5151,13502368.574504208
2020,1,madhya-pradesh,79366746,126737281436.19928
2020,1,maharashtra,238944081,319995196718.0889
2020,1,manipur,818801,2598590380.8769507
2020,1,meghalaya,502283,1120134840.9078138
2020,1,mizoram,153609,392077579.3496371
2020,1,nagaland,378051,894780028.7343677
2020,1,odisha,53682307,91956798199.33626
2020,1,puducherry,1207921,2205277477.0795846
2020,1,punjab,15217784,31374185265.90002
2020,1,rajasthan,102258812,190308238561.0086
2020,1,sikkim,528118,1053476271.9444016
2020,1,tamil-nadu,66953473,116569686179.44409
2020,1,telangana,199409525,371343780368.2145
2020,1,tripura,924502,1588778806.3885024
2020,1,uttar-pradesh,97239132,172416434960.70496
2020,1,uttarakhand,9131784,16158080258.987625
2020,1,west-bengal,66250381,96653305190.9387
2020,2,andaman-&-nicobar-islands,62962,169645001.41414714
2020,2,andhra-pradesh,144917855,302583689746.5663
2020,2,arunachal-pradesh,808774,1826716832.9849677
2020,2,assam,10505199,19766300125.919365
2020,2,bihar,53386742,128806523628.84396
2020,2,chandigarh,1528010,3847015729.690074
2020,2,chhattisgarh,18820925,32268382206.901108
2020,2,dadra-&-nagar-haveli-&-daman-&-diu,973152,1302376453.8880565
2020,2,delhi,66042018,107873438203.33096
2020,2,goa,1482092,2183616430.0167713
2020,2,gujarat,47420185,80387846359.49086
2020,2,haryana,41781050,80711264923.94063
2020,2,himachal-pradesh,4695730,8036904762.543922
2020,2,jammu-&-kashmir,2635006,8265648939.258561
2020,2,jharkhand,20141511,37486201975.92356
2020,2,karnataka,213221712,321104877020.1406
2020,2,kerala,16287967,25894078478.600113
2020,2,ladakh,155010,523792998.6520247
2020,2,lakshadweep,7220,16942922.085944396
2020,2,madhya-pradesh,76340573,147922015289.06403
2020,2,maharashtra,184790761,296359517159.4233
2020,2,manipur,1083068,3198936212.8055096
2020,2,meghalaya,635395,1153735154.3383975
2020,2,mizoram,198462,457193433.4423192
2020,2,nagaland,517566,1137674504.3478029
2020,2,odisha,50028576,91733036612.09781
2020,2,puducherry,1033383,1960030980.4875903
2020,2,punjab,14081294,30284654252.213554
2020,2,rajasthan,101954656,193763273003.26578
2020,2,sikkim,517731,1054618788.2612665
2020,2,tamil-nadu,51870110,95826508896.82903
2020,2,telangana,152055143,321531839352.4324
2020,2,tripura,1052520,1769175883.5859666
2020,2,uttar-pradesh,100851965,178744016130.28894
2020,2,uttarakhand,9047770,16094187702.10101
2020,2,west-bengal,57676797,100099431877.35461
2020,3,andaman-&-nicobar-islands,117483,338019446.3303603
2020,3,andhra-pradesh,204902935,467084130584.90576
2020,3,arunachal-pradesh,962827,2609938565.558217
2020,3,assam,12397711,29831391259.543964
2020,3,bihar,71503748,173328865111.81827
2020,3,chandigarh,2158086,5089809353.36507
2020,3,chhattisgarh,24148539,41526744807.53401
2020,3,dadra-&-nagar-haveli-&-daman-&-diu,1138312,1749789114.9993632
2020,3,delhi,96491861,175163962804.66058
2020,3,goa,1915531,3368343580.9446583
2020,3,gujarat,59290179,111921752484.71176
2020,3,haryana,57938179,109567950445.73018
2020,3,himachal-pradesh,5489876,10516054014.086977
2020,3,jammu-&-kashmir,3465898,11977229760.872467
2020,3,jharkhand,27068473,50622615820.01373
2020,3,karnataka,300360531,470740515696.68195
2020,3,kerala,21758680,40164150651.95425
2020,3,ladakh,228222,835487500.0581932
2020,3,lakshadweep,8589,21306833.308656827
2020,3,madhya-pradesh,108579881,205701679984.5356
2020,3,maharashtra,268310924,440307079012.4383
2020,3,manipur,1420168,4615976120.870511
2020,3,meghalaya,597579,1237059001.3830361
2020,3,mizoram,254703,707944175.5046004
2020,3,nagaland,736319,2009649143.1547937
2020,3,odisha,66033829,122463943804.29164
2020,3,puducherry,1730902,3598080229.434601
2020,3,punjab,17209573,40123092147.81334
2020,3,rajasthan,149088676,293678306162.4561
2020,3,sikkim,596435,1400926728.6603985
2020,3,tamil-nadu,70277825,143841415498.66345
2020,3,telangana,236372126,505961144755.87006
2020,3,tripura,1317885,2341819516.2158847
2020,3,uttar-pradesh,127405259,248689955423.06213
2020,3,uttarakhand,11818935,22103510968.00649
2020,3,west-bengal,79954504,156813355855.14075
2020,4,andaman-&-nicobar-islands,224531,627282656.3148526
2020,4,andhra-pradesh,286118552,654841546033.3297
2020,4,arunachal-pradesh,1209129,3570264021.8456225
2020,4,assam,15423454,40226611319.264206
2020,4,bihar,96591673,238905613136.4728
2020,4,chandigarh,2912716,6146762901.349346
2020,4,chhattisgarh,35529636,62214974283.94867
2020,4,dadra-&-nagar-haveli-&-daman-&-diu,1817791,2700511100.8285036
2020,4,delhi,120540417,216265088224.54364
2020,4,goa,3801381,6899792747.579937
2020,4,gujarat,77828547,148393060112.43903
2020,4,haryana,83171439,159998504366.54138
2020,4,himachal-pradesh,7272328,13989053108.812904
2020,4,jammu-&-kashmir,5754444,15380905803.37819
2020,4,jharkhand,39431633,72805174830.04353
2020,4,karnataka,431536984,658036698565.0181
2020,4,kerala,33288187,56755256647.011314
2020,4,ladakh,332134,1111963470.5079606
2020,4,lakshadweep,11650,30111317.91708039
2020,4,madhya-pradesh,153652541,284275139772.3701
2020,4,maharashtra,407621004,622155530832.3054
2020,4,manipur,1627852,5602224558.4587555
2020,4,meghalaya,754008,1804242572.198973
2020,4,mizoram,322607,986522115.6939588
2020,4,nagaland,847825,2773084870.5626874
2020,4,odisha,92324950,178302663014.61615
2020,4,puducherry,2716003,4930526217.671212
2020,4,punjab,22997925,53775406479.55513
2020,4,rajasthan,190283435,386034779836.5073
2020,4,sikkim,735035,1919275805.122924
2020,4,tamil-nadu,111179701,206473197500.99323
2020,4,telangana,343643787,696350439226.9595
2020,4,tripura,1651890,3182130996.221312
2020,4,uttar-pradesh,178167517,357428826778.26715
2020,4,uttarakhand,17613271,31792739329.110332
2020,4,west-bengal,100340645,199165491365.64862
2021,1,andaman-&-nicobar-islands,244752,783706567.3897556
2021,1,andhra-pradesh,289747970,672444670176.6157
2021,1,arunachal-pradesh,1177456,3813779079.0166435
2021,1,assam,19512060,51326464546.12253
2021,1,bihar,114932477,280973649701.2278
2021,1,chandigarh,3970237,7596420859.545994
2021,1,chhattisgarh,39436437,69409843261.55185
2021,1,dadra-&-nagar-haveli-&-daman-&-diu,1925244,2965632911.1935043
2021,1,delhi,157359004,266928345043.4927
2021,1,goa,5331549,9757242879.021412
2021,1,gujarat,94774565,183700780713.4512
2021,1,haryana,90252784,168938301082.42853
2021,1,himachal-pradesh,7614029,14120546909.487509
2021,1,jammu-&-kashmir,6997570,17138349893.151716
2021,1,jharkhand,44621663,83749353123.1398
2021,1,karnataka,523797492,754995357412.3923
2021,1,kerala,42316342,69260970161.89473
2021,1,ladakh,275415,983419813.2468791
2021,1,lakshadweep,9085,27042782.914081156
2021,1,madhya-pradesh,201998498,343533954382.2885
2021,1,maharashtra,517860240,769887352153.2488
2021,1,manipur,2303535,7070287514.479234
2021,1,meghalaya,747646,2055515277.989834
2021,1,mizoram,329575,1101105586.9459374
2021,1,nagaland,975897,3107450484.6131907
2021,1,odisha,111460358,213397736188.34164
2021,1,puducherry,3309432,5899309571.743645
2021,1,punjab,26770835,58690887091.10674
2021,1,rajasthan,252730919,491492581657.6465
2021,1,sikkim,800189,2217667726.8407245
2021,1,tamil-nadu,136556674,248668143873.65155
2021,1,telangana,412572110,799359264046.5911
2021,1,tripura,1511423,3335341569.793421
2021,1,uttar-pradesh,204499547,396287587577.56683
2021,1,uttarakhand,20608402,36288189399.898415
2021,1,west-bengal,118254052,242937207475.52222
2021,2,andaman-&-nicobar-islands,341414,899147016.1122959
2021,2,andhra-pradesh,352767134,850737499108.2378
2021,2,arunachal-pradesh,1568338,4456425616.99438
2021,2,assam,25432905,59192473376.66389
2021,2,bihar,155603622,374580255186.579
2021,2,chandigarh,4417547,8417673939.936101
2021,2,chhattisgarh,44689420,78728771259.2258
2021,2,dadra-&-nagar-haveli-&-daman-&-diu,2125083,3157668461.4189034
2021,2,delhi,170157264,281941097684.5415
2021,2,goa,4710135,8012853587.075999
2021,2,gujarat,111841396,210162054552.11618
2021,2,haryana,105680856,200357354238.68344
2021,2,himachal-pradesh,9483902,16495634539.809265
2021,2,jammu-&-kashmir,10027819,22813755428.591667
2021,2,jharkhand,54002145,104432643311.4578
2021,2,karnataka,530649046,837887151230.0475
2021,2,kerala,47191033,74226806436.15654
2021,2,ladakh,399716,1427259095.4703188
2021,2,lakshadweep,11384,27383463.65795153
2021,2,madhya-pradesh,223314680,425500768035.6147
2021,2,maharashtra,573616486,915115055623.6942
2021,2,manipur,3086275,7889827962.396642
2021,2,meghalaya,909594,2193617254.8906007
2021,2,mizoram,394340,1122874473.302092
2021,2,nagaland,1130791,3156293963.7818727
2021,2,odisha,131824337,245864117477.27313
2021,2,puducherry,3751387,6498834696.543896
2021,2,punjab,32171248,69531058562.61539
2021,2,rajasthan,287477039,561702765169.2399
2021,2,sikkim,976714,2424899579.675297
2021,2,tamil-nadu,146158442,263487341026.54968
2021,2,telangana,495867544,1027958332797.5837
2021,2,tripura,1744429,3468154361.036276
2021,2,uttar-pradesh,241949131,482172489166.3819
2021,2,uttarakhand,24000432,40990817874.83831
2021,2,west-bengal,141897437,279434811058.56366
2021,3,andaman-&-nicobar-islands,449764,1310024395.8016043
2021,3,andhra-pradesh,432032550,984218035564.1278
2021,3,arunachal-pradesh,1906967,5678124175.298822
2021,3,assam,33504441,75700499273.30743
2021,3,bihar,187671113,397062760956.4112
2021,3,chandigarh,6649378,11815883004.693304
2021,3,chhattisgarh,64237938,104606108262.77599
2021,3,dadra-&-nagar-haveli-&-daman-&-diu,3129470,4305939102.791507
2021,3,delhi,238760608,383858316548.2813
2021,3,goa,6467763,10478425592.93637
2021,3,gujarat,149248407,272624626113.58472
2021,3,haryana,140459693,240827092259.2075
2021,3,himachal-pradesh,12064167,21310262071.127953
2021,3,jammu-&-kashmir,13151041,31598443648.03206
2021,3,jharkhand,70795702,121891015118.8527
2021,3,karnataka,753296539,1133234739157.6106
2021,3,kerala,63028266,101686161773.1297
2021,3,ladakh,590987,2213984743.9345894
2021,3,lakshadweep,13370,38803163.69876816
2021,3,madhya-pradesh,311443334,504412603851.53375
2021,3,maharashtra,792874060,1159257305167.44
2021,3,manipur,3941396,10406861028.904852
2021,3,meghalaya,1097731,2769000451.527974
2021,3,mizoram,478529,1473748650.2119527
2021,3,nagaland,1356792,3987416848.0054426
2021,3,odisha,177362674,303780718933.03253
2021,3,puducherry,5121726,8729974431.014471
2021,3,punjab,42533489,85992560840.61195
2021,3,rajasthan,400284753,710511328542.4835
2021,3,sikkim,1160594,2989336863.808392
2021,3,tamil-nadu,204357404,365207323053.9275
2021,3,telangana,622886768,1178289126292.2605
2021,3,tripura,2081200,4364133768.18148
2021,3,uttar-pradesh,306543384,557080841279.9292
2021,3,uttarakhand,31042284,50527496783.564224
2021,3,west-bengal,181712988,362457066256.5122
2021,4,andaman-&-nicobar-islands,636123,1932610101.3236575
2021,4,andhra-pradesh,522254003,1156264447083.991
2021,4,arunachal-pradesh,2390598,6943510352.611341
2021,4,assam,46020361,104184967893.2152
2021,4,bihar,245126945,519371614068.7628
2021,4,chandigarh,7898903,14373583510.61845
2021,4,chhattisgarh,84717494,136399110518.81273
2021,4,dadra-&-nagar-haveli-&-daman-&-diu,4157085,5565839386.33066
2021,4,delhi,292683359,488695314062.39105
2021,4,goa,11088759,18627257115.86965
2021,4,gujarat,182987325,342382580053.62683
2021,4,haryana,169686975,309240599300.4604
2021,4,himachal-pradesh,14666864,26136220500.625763
2021,4,jammu-&-kashmir,16790628,38926237425.77166
2021,4,jharkhand,96009042,166017119003.70563
2021,4,karnataka,931725438,1375471324349.876
2021,4,kerala,81823741,123342136943.36359
2021,4,ladakh,630187,2153535138.780269
2021,4,lakshadweep,15470,50998185.528381005
2021,4,madhya-pradesh,404308084,656887492404.5118
2021,4,maharashtra,1010731502,1475358473128.516
2021,4,manipur,4687439,12658472038.211823
2021,4,meghalaya,1440193,3848765400.186154
2021,4,mizoram,553329,1770665741.5230424
2021,4,nagaland,1631483,4939083784.136478
2021,4,odisha,233925366,385251049689.921
2021,4,puducherry,6368810,10423651801.230515
2021,4,punjab,52359360,110710126241.99988
2021,4,rajasthan,487621597,903934418544.3195
2021,4,sikkim,1584345,4196783261.635808
2021,4,tamil-nadu,259155976,443723952594.8034
2021,4,telangana,775989773,1463758189500.914
2021,4,tripura,2520693,5496929464.299445
2021,4,uttar-pradesh,406157932,773890970072.224
2021,4,uttarakhand,40361280,66148108159.421005
2021,4,west-bengal,225029560,462218037262.0971
2022,1,andaman-&-nicobar-islands,794748,2129030202.0751665
2022,1,andhra-pradesh,582603911,1294320646554.8677
2022,1,arunachal-pradesh,2804068,7828091628.087355
2022,1,assam,58889886,132280437892.70291
2022,1,bihar,284390434,611411695731.1445
2022,1,chandigarh,8600491,15174991549.84
2022,1,chhattisgarh,97413292,157847045454.8356
2022,1,dadra-&-nagar-haveli-&-daman-&-diu,4802803,6237048367.26239
2022,1,delhi,330999861,536964920836.2888
2022,1,goa,12214098,19816445402.846107
2022,1,gujarat,210547146,392548092253.5491
2022,1,haryana,191988609,341304042652.77734
2022,1,himachal-pradesh,16088180,26518447439.93283
2022,1,jammu-&-kashmir,16245311,33147863626.159058
2022,1,jharkhand,110911210,194700207087.1677
2022,1,karnataka,1057855407,1566649488305.8718
2022,1,kerala,95280965,139988942464.69424
2022,1,ladakh,630015,2025040918.8422089
2022,1,lakshadweep,16397,54939432.65393007
2022,1,madhya-pradesh,472703058,747665139599.638
2022,1,maharashtra,1169506438,1681399273981.1199
2022,1,manipur,5313679,14144501078.373798
2022,1,meghalaya,1674750,4662338331.331891
2022,1,mizoram,604917,1945158963.6112444
2022,1,nagaland,1925952,5544951708.895753
2022,1,odisha,263633499,451227311779.8235
2022,1,puducherry,7359176,12083474905.38666
2022,1,punjab,57758302,118389978105.96315
2022,1,rajasthan,564962220,1022050180980.1287
2022,1,sikkim,1744302,4367431275.8634205
2022,1,tamil-nadu,294573150,512789201600.6298
2022,1,telangana,886453385,1670638169828.98
2022,1,tripura,2871190,6247329764.349846
2022,1,uttar-pradesh,473953246,883123174117.0206
2022,1,uttarakhand,44560772,70978782500.07466
2022,1,west-bengal,260505092,551426663209.5637
2022,2,andaman-&-nicobar-islands,1071217,2685920350.080267
2022,2,andhra-pradesh,671134030,1479853948202.9292
2022,2,arunachal-pradesh,3556925,9131665374.22585
2022,2,assam,76334725,153111042086.78348
2022,2,bihar,360145029,754461454966.1425
2022,2,chandigarh,10772489,17283500158.371002
2022,2,chhattisgarh,116584048,181181677163.78085
2022,2,dadra-&-nagar-haveli-&-daman-&-diu,5759771,6995159780.810842
2022,2,delhi,410634184,629855650458.2168
2022,2,goa,14216054,22873037759.520203
2022,2,gujarat,252052796,446798000976.8468
2022,2,haryana,234699962,395234035249.5059
2022,2,himachal-pradesh,21291371,33709107958.242264
2022,2,jammu-&-kashmir,23813747,46254290836.63559
2022,2,jharkhand,132925275,225636227828.13702
2022,2,karnataka,1277448960,1867146114059.227
2022,2,kerala,106365322,154696329549.12473
2022,2,ladakh,1118073,3543318177.9962673
2022,2,lakshadweep,17569,55929601.98990567
2022,2,madhya-pradesh,544899829,867024737328.5874
2022,2,maharashtra,1407533113,2006272382175.8906
2022,2,manipur,6105632,14922910635.149317
2022,2,meghalaya,2044649,5281491421.884793
2022,2,mizoram,643977,2003186567.108936
2022,2,nagaland,2031329,5740285349.020272
2022,2,odisha,313451598,510035012340.02893
2022,2,puducherry,8643687,13778745255.768896
2022,2,punjab,72272823,137345426369.22691
2022,2,rajasthan,661170150,1152833518600.3982
2022,2,sikkim,2322081,5611105670.307135
2022,2,tamil-nadu,354506937,590134727678.3962
2022,2,telangana,1063382557,1951414544517.075
2022,2,tripura,3418664,6878271042.0352955
2022,2,uttar-pradesh,595298776,1067515182420.0078
2022,2,uttarakhand,58166878,88313371025.3343
2022,2,west-bengal,315742141,648575179584.246
2022,3,andaman-&-nicobar-islands,1584379,3310631772.1373863
2022,3,andhra-pradesh,642855035,1385077409712.1455
2022,3,arunachal-pradesh,3939418,9025110785.048609
2022,3,assam,86113811,161489079054.8987
2022,3,bihar,437367385,791446486557.9142
2022,3,chandigarh,13478173,20559757737.405857
2022,3,chhattisgarh,158252587,220161558081.99063
2022,3,dadra-&-nagar-haveli-&-daman-&-diu,6465621,7520647359.499437
2022,3,delhi,475592161,677612647116.116
2022,3,goa,13188687,19574265275.70633
2022,3,gujarat,303239732,497437502209.45087
2022,3,haryana,269361810,428054494578.0267
2022,3,himachal-pradesh,25164868,37380782688.54043
2022,3,jammu-&-kashmir,22534394,40963554502.24819
2022,3,jharkhand,146815332,229412884063.959
2022,3,karnataka,1189761328,1665918232611.0225
2022,3,kerala,119362904,162260419315.42966
2022,3,ladakh,1190858,3605199350.373908
2022,3,lakshadweep,15241,47580009.61750026
2022,3,madhya-pradesh,731259559,1032908494249.6688
2022,3,maharashtra,1486389417,1947579187374.5378
2022,3,manipur,6352742,15381430267.299728
2022,3,meghalaya,4359165,9603300797.12154
2022,3,mizoram,659038,1946265612.0679536
2022,3,nagaland,1894113,5364400495.050831
2022,3,odisha,386687326,564545557340.5544
2022,3,puducherry,7042727,10854317711.140942
2022,3,punjab,84177897,149319443006.3552
2022,3,rajasthan,767541360,1238489256318.2808
2022,3,sikkim,2396758,5162880543.891457
2022,3,tamil-nadu,393496175,631879220373.2677
2022,3,telangana,1628165401,2706325865752.0674
2022,3,tripura,4256579,8648352804.91114
2022,3,uttar-pradesh,703589072,1121370050898.7798
2022,3,uttarakhand,63996519,92641259938.36295
2022,3,west-bengal,356792388,704749898612.1437
2022,4,andaman-&-nicobar-islands,1987535,3984674404.4287834
2022,4,andhra-pradesh,690017077,1424725083041.6685
2022,4,arunachal-pradesh,4632709,9684909697.502247
2022,4,assam,103981267,192653519187.54562
2022,4,bihar,517084649,936012149674.8322
2022,4,chandigarh,17904840,27879754566.93941
2022,4,chhattisgarh,177960446,252519180810.47205
2022,4,dadra-&-nagar-haveli-&-daman-&-diu,7189585,8059640746.081129
2022,4,delhi,515203457,744915016018.5763
2022,4,goa,17192674,24924986371.339157
2022,4,gujarat,341156018,567918305336.5404
2022,4,haryana,296648365,490490659880.10364
2022,4,himachal-pradesh,28555136,41779343232.373566
2022,4,jammu-&-kashmir,27316158,44315295915.49377
2022,4,jharkhand,175300092,277971737448.58105
2022,4,karnataka,1378910371,1904516622907.6543
2022,4,kerala,132960468,173559808599.70975
2022,4,ladakh,1083372,2894477572.6789474
2022,4,lakshadweep,17147,54813873.61493625
2022,4,madhya-pradesh,898828268,1302999857548.3484
2022,4,maharashtra,1688775272,2210470839617.1587
2022,4,manipur,6428670,15625956698.341488
2022,4,meghalaya,3932448,8996541156.348663
2022,4,mizoram,693774,2037911085.2630196
2022,4,nagaland,2476205,6969966384.314046
2022,4,odisha,445714743,652217064524.0083
2022,4,puducherry,7556127,11142204877.174492
2022,4,punjab,91835180,168107427177.93872
2022,4,rajasthan,865574848,1456956699398.6665
2022,4,sikkim,3058339,6458385389.419811
2022,4,tamil-nadu,436316636,675689667591.4436
2022,4,telangana,1819506832,2978252562916.142
2022,4,tripura,5198190,10452971818.154102
2022,4,uttar-pradesh,836369071,1376378802069.518
2022,4,uttarakhand,77983880,115496046831.35909
2022,4,west-bengal,405847597,787775633607.2504
